Country Code,IMF Country Code,Country,Indicator Type,Series Name,1970,1971,1972,1973,1974,1975,1976,1977,1978,1979,1980,1981,1982,1983,1984,1985,1986,1987,1988,1989,1990,1991,1992,1993,1994,1995,1996,1997,1998,1999,2000,2001,2002,2003,2004,2005,2006,2007,2008,2009,2010,2011,2012,2013,2014,2015,2016,2017,2018,2019,2020,2021,2022,Note,Unnamed: 59,missing_pct
AFG,512.0,Afghanistan,Inflation,Headline Consumer Price Inflation,25.51,25.51,-12.52,-10.68,10.23,11.85,0.6,7.65,5.0,9.9,13.4,22.2,18.2,15.9,20.4,8.7,-2.1,18.4,27.5,71.5,47.4,43.8,58.19,33.99,20.01,14.0,14.01,14.01,14.01,14.01,0.0,-43.4,51.93,35.66,16.36,10.57,6.78,8.68,26.42,-6.81,2.18,11.8,6.44,7.39,4.67,-0.66,4.38,4.98,0.63,2.3,5.44,5.06,4.704090909090909,4.348181818181818,,3.6363636363636362
AGO,614.0,Angola,Inflation,Headline Consumer Price Inflation,7.97,5.78,15.8,15.67,27.42,29.0,80.7,69.01,48.46,101.3,46.71,1.39,1.83,1.83,1.83,1.83,1.83,1.83,1.83,1.83,1.83,85.26,299.1,1379.48,949.77,2672.23,4146.01,221.49,107.43,248.25,325.03,152.59,108.89,98.22,43.53,22.96,13.31,12.25,12.47,13.72,14.48,13.48,10.28,8.78,7.3,9.16,32.38,29.84,19.63,17.08,21.02,23.85,21.35,14.83939393939394,8.328787878787878,1.8181818181818181
ARE,466.0,United Arab Emirates,Inflation,Headline Consumer Price Inflation,21.98,21.98,21.98,21.98,21.98,21.98,21.98,21.97,13.04,10.99,10.07,7.95,7.08,1.3,2.43,3.5,5.43,5.5,4.99,2.79,0.6,3.4,6.38,5.27,5.7,4.33,2.98,2.97,1.99,2.1,1.35,2.8,2.92,3.12,5.04,6.2,9.28,11.13,12.27,1.57,0.88,0.88,0.66,1.09,2.34,4.07,1.62,1.97,3.06,-1.93,-2.08,0.18,5.22,4.086060606060606,2.952121212121212,1.8181818181818181
ARG,213.0,Argentina,Inflation,Headline Consumer Price Inflation,13.59,34.73,58.45,61.25,23.47,182.93,443.97,176.0,175.51,159.51,100.76,104.48,164.78,343.81,626.72,672.18,90.1,131.33,342.95,3079.81,2313.96,171.67,24.9,10.61,4.18,3.38,0.16,0.53,0.93,-1.17,-0.94,-1.07,25.87,13.44,4.42,9.64,10.9,8.83,8.59,6.27,10.46,9.77,10.04,10.62,38.08,26.54,39.4,25.68,34.28,53.55,42.02,48.41,72.43,48.89272727272727,25.355454545454542,1.8181818181818181
ATG,311.0,Antigua and Barbuda,Inflation,Headline Consumer Price Inflation,8.87,8.63,12.67,21.72,12.97,8.61,15.62,13.75,6.15,16.33,19.0,11.47,4.17,2.35,3.84,1.0,0.5,3.6,6.8,4.36,6.59,4.52,3.0,3.1,6.49,2.74,2.96,0.36,3.26,1.13,-0.16,1.93,2.41,1.99,2.03,2.1,1.79,1.42,5.33,-0.55,3.37,3.46,3.38,1.06,1.09,0.97,-0.49,2.43,1.21,1.48,1.06,1.63,8.52,6.286060606060605,4.052121212121212,1.8181818181818181
AUS,193.0,Australia,Inflation,Headline Consumer Price Inflation,3.44,6.14,6.02,9.09,15.42,15.16,13.32,12.31,8.0,9.12,10.14,9.49,11.35,10.04,3.96,6.73,9.05,8.53,7.22,7.53,7.33,3.18,1.01,1.75,1.97,4.63,2.62,0.22,0.86,1.48,4.46,4.41,2.98,2.73,2.34,2.69,3.56,2.33,4.35,1.77,2.92,3.3,1.76,2.45,2.49,1.51,1.28,1.97,1.91,1.61,0.85,2.82,6.5,4.9393939393939394,3.378787878787879,1.8181818181818181
AUT,122.0,Austria,Inflation,Headline Consumer Price Inflation,4.37,4.7,6.36,7.53,9.52,8.45,7.32,5.49,3.57,3.71,6.33,6.8,5.44,3.34,5.66,3.19,1.71,1.4,1.92,2.57,3.26,3.34,4.02,3.63,2.95,2.24,1.86,1.31,0.92,0.57,2.34,2.65,1.81,1.36,2.06,2.3,1.44,2.17,3.22,0.51,1.81,3.29,2.49,2.0,1.61,0.9,0.89,2.23,2.0,1.49,1.38,2.77,8.5,6.272727272727273,4.045454545454546,1.8181818181818181
BDI,618.0,Burundi,Inflation,Headline Consumer Price Inflation,-0.2,3.85,3.83,6.01,15.72,15.71,6.86,6.83,23.9,36.54,1.2,12.18,5.85,8.16,14.3,3.82,1.67,7.11,4.49,11.67,6.99,9.01,5.33,9.71,14.71,19.36,26.42,31.06,12.47,3.52,24.43,9.3,-1.37,10.65,8.18,13.25,2.75,8.41,24.41,10.56,6.49,9.59,18.16,7.94,4.41,5.54,5.56,16.64,-2.81,-0.71,7.32,8.31,17.34,12.166060606060606,6.992121212121212,1.8181818181818181
BEL,124.0,Belgium,Inflation,Headline Consumer Price Inflation,3.91,4.34,5.45,6.96,12.68,12.77,9.07,7.1,4.47,4.47,6.65,7.63,8.73,7.66,6.34,4.87,1.29,1.55,1.16,3.11,3.45,3.22,2.43,2.75,2.38,1.47,2.08,1.63,0.95,1.12,2.54,2.47,1.65,1.59,2.1,2.78,1.79,1.82,4.49,-0.05,2.19,3.53,2.84,1.11,0.34,0.56,1.97,2.22,2.05,1.25,0.74,2.44,9.6,7.006060606060606,4.412121212121212,1.8181818181818181
BEN,638.0,Benin,Inflation,Headline Consumer Price Inflation,6.32,2.77,3.9,6.87,14.42,-34.41,8.26,9.86,6.84,10.27,9.6,0.8,4.06,-6.07,10.27,1.15,0.41,-1.34,3.44,-0.2,1.11,2.1,5.92,0.44,38.53,14.46,4.92,3.8,5.76,0.35,4.21,3.98,2.42,1.51,0.88,5.36,3.79,1.29,7.94,0.4,2.18,2.72,6.74,0.89,-1.01,0.27,-0.85,1.77,0.83,-0.93,3.02,5.92,1.31,1.4793939393939395,1.6487878787878787,1.8181818181818181
BFA,748.0,Burkina Faso,Inflation,Headline Consumer Price Inflation,1.77,2.06,-2.92,7.6,8.72,18.76,-8.4,29.99,8.27,14.99,12.26,7.56,12.06,8.35,4.85,7.05,-2.7,-2.85,4.19,-0.32,-0.81,2.5,-1.99,0.61,24.72,7.77,6.11,2.93,4.91,-1.08,-0.17,4.73,2.3,2.04,-0.4,6.41,2.34,-0.23,10.67,0.86,-0.61,2.76,3.82,0.53,-0.26,0.95,-0.24,0.35,1.96,-3.23,1.88,3.85,14.29,10.132727272727273,5.975454545454545,1.8181818181818181
BGD,513.0,Bangladesh,Inflation,Headline Consumer Price Inflation,3.54,-0.59,45.29,45.01,54.65,16.62,-2.43,9.34,17.37,13.59,15.39,14.55,12.88,9.53,10.41,10.47,10.18,10.83,9.67,8.73,10.52,8.28,3.62,2.98,6.15,10.12,2.45,4.96,8.65,6.18,2.48,1.91,3.72,5.36,6.1,7.04,6.77,9.11,8.9,5.44,8.15,10.26,6.55,7.52,6.98,6.19,5.51,5.61,5.55,5.47,5.69,5.31,7.7,5.739393939393939,3.778787878787879,1.8181818181818181
BGR,918.0,Bulgaria,Inflation,Headline Consumer Price Inflation,-0.4,-0.1,0.0,0.0,0.0,0.0,0.0,0.0,0.0,0.0,0.0,0.0,2.8,2.8,2.8,2.8,2.7,2.7,2.5,6.4,23.9,333.5,91.32,72.82,96.87,61.46,125.53,1037.48,17.8,2.56,10.3,7.45,5.86,2.39,6.14,5.03,7.26,8.42,12.35,2.75,2.44,4.22,2.95,0.89,-1.41,-0.1,-0.8,1.19,2.81,2.46,1.67,2.79,15.33,10.826060606060606,6.322121212121212,1.8181818181818181
BHR,419.0,Bahrain,Inflation,Headline Consumer Price Inflation,1.63,5.79,5.09,14.33,24.39,16.16,22.5,17.73,15.79,2.21,3.8,11.4,8.7,3.2,0.0,-2.4,-2.5,-1.7,0.2,1.2,1.3,0.9,-0.3,2.6,4.0,3.14,-0.19,4.6,-0.42,-1.26,-0.73,-1.17,-0.5,1.68,2.25,2.62,2.04,3.25,3.52,2.8,1.96,-0.37,2.77,3.3,2.65,1.84,2.8,1.39,2.08,1.0,-2.32,-0.61,3.61,3.0127272727272727,2.415454545454545,1.8181818181818181
BHS,313.0,"Bahamas, The",Inflation,Headline Consumer Price Inflation,6.15,4.61,6.83,5.48,13.07,10.36,4.26,3.19,6.11,9.09,12.23,11.05,6.1,4.0,3.97,4.62,5.41,5.99,4.05,5.41,4.63,7.3,5.58,2.75,1.37,2.02,1.26,0.56,1.21,1.12,1.73,2.36,1.5,3.66,1.16,1.82,1.96,2.41,4.43,1.67,1.62,3.2,1.97,0.72,1.51,1.87,-0.35,1.55,2.23,1.34,0.04,2.91,5.66,4.37939393939394,3.098787878787879,1.8181818181818181
BLR,913.0,Belarus,Inflation,Headline Consumer Price Inflation,0.0,-0.4,-0.2,0.0,-0.1,0.1,0.1,0.2,0.9,1.2,1.1,1.2,3.1,1.0,-0.7,0.5,2.3,1.6,0.0,1.8,4.6,94.2,970.7,1190.32,2220.9,685.19,51.65,64.07,73.27,294.64,167.58,60.85,42.65,28.49,18.24,10.37,6.96,8.29,14.73,12.83,7.66,53.17,59.5,18.33,18.09,13.48,11.8,6.03,4.87,5.6,5.55,9.46,15.21,10.746060606060606,6.282121212121213,1.8181818181818181
BLZ,339.0,Belize,Inflation,Headline Consumer Price Inflation,21.41,18.63,20.73,66.96,20.78,20.77,-2.9,12.15,4.87,-11.82,7.05,11.22,6.84,5.0,3.38,4.15,0.79,2.02,5.32,0.0,2.05,3.22,2.4,1.47,2.57,2.89,6.43,1.03,-0.85,-1.21,0.61,1.15,2.2,2.62,3.07,3.65,4.24,2.32,6.39,-1.1,0.92,1.7,1.3,0.51,1.2,-0.85,0.66,1.15,0.24,0.19,0.12,3.26,6.18,4.726060606060606,3.272121212121212,1.8181818181818181
BOL,218.0,Bolivia,Inflation,Headline Consumer Price Inflation,3.96,0.0,5.56,34.21,41.18,9.72,12.66,7.87,6.25,20.59,48.78,32.24,126.45,273.36,1289.54,11702.83,273.55,14.43,15.99,15.25,17.18,21.44,12.04,8.51,7.87,10.19,12.43,4.7,7.67,2.16,4.61,1.6,0.93,3.34,4.44,5.4,2.33,8.71,14.01,3.34,2.5,9.88,4.51,5.74,5.76,4.06,3.63,2.82,2.27,1.84,0.94,0.74,1.75,1.7727272727272727,1.7954545454545454,1.8181818181818181
BRA,223.0,Brazil,Inflation,Headline Consumer Price Inflation,22.26,20.14,16.52,12.65,27.59,28.92,42.01,43.65,38.7,53.92,90.23,101.73,100.54,135.03,192.12,225.99,147.14,228.34,629.11,1430.73,2947.73,432.79,951.96,1927.38,2075.89,66.01,15.76,6.93,3.2,4.86,7.04,6.84,8.45,14.71,6.6,6.87,4.18,3.64,5.68,4.89,5.04,6.64,5.4,6.2,6.33,9.03,8.74,3.45,3.66,3.73,3.21,8.3,9.3,6.806060606060607,4.3121212121212125,1.8181818181818181
BRB,316.0,Barbados,Inflation,Headline Consumer Price Inflation,7.28,7.47,11.88,16.86,38.92,20.29,4.99,8.35,9.48,13.17,18.5,14.59,10.29,5.28,4.65,4.86,0.2,3.57,4.72,6.33,3.04,6.3,6.0,1.18,0.7,2.84,2.39,7.71,-1.27,1.56,2.44,2.8,0.17,1.58,1.43,6.07,7.31,4.03,8.11,3.64,5.82,9.43,4.53,1.81,1.77,-1.11,1.28,4.41,3.69,4.1,2.88,3.06,9.9,7.206060606060607,4.512121212121213,1.8181818181818181
BRN,516.0,Brunei Darussalam,Inflation,Headline Consumer Price Inflation,0.8,1.0,-3.6,11.9,21.4,3.9,5.9,11.1,6.4,5.5,5.3,9.14,6.36,1.17,3.1,2.3,1.78,1.27,1.19,1.31,2.13,1.58,1.26,4.29,2.45,5.97,1.97,1.71,-0.42,-0.01,1.17,0.6,-2.29,0.3,0.9,1.09,0.15,0.97,2.09,1.04,0.22,0.14,0.11,0.39,-0.21,-0.42,-0.74,-0.17,0.15,-0.42,1.94,1.74,3.81,3.146060606060606,2.4821212121212124,1.8181818181818181
BTN,514.0,Bhutan,Inflation,Headline Consumer Price Inflation,5.65,4.47,6.02,12.96,17.11,8.865,0.620000000000001,,-15.87,6.02,12.5,4.97,9.92,12.14,13.05,8.0,5.18,7.04,8.18,8.86,9.41,10.35,8.14,9.6,9.5,7.08,8.78,8.55,7.59,9.06,7.18,3.72,2.94,2.47,3.35,4.77,5.15,5.08,6.78,6.26,5.73,7.28,9.27,11.32,8.27,4.55,4.31,5.53,2.72,2.6,5.63,7.33,12.62,10.837575757575756,9.055151515151515,7.2727272727272725
BWA,616.0,Botswana,Inflation,Headline Consumer Price Inflation,4.06,5.62,6.5,9.57,11.52,13.51,11.73,13.17,9.04,11.74,12.13,16.3,11.2,10.5,8.6,8.1,10.0,9.8,8.4,11.6,11.4,12.6,16.5,14.4,10.6,10.5,10.1,8.9,6.51,7.82,8.59,6.5,8.04,9.18,6.94,8.68,11.55,7.06,12.64,8.13,6.92,8.46,7.55,5.87,4.41,3.07,2.78,3.3,3.22,2.85,1.89,7.24,11.59,8.332727272727272,5.075454545454545,1.8181818181818181
CAF,626.0,Central African Republic,Inflation,Headline Consumer Price Inflation,4.6,6.8,7.2,5.6,10.3,18.3,6.8,11.8,9.5,9.6,13.3,14.66,13.24,14.56,2.6,10.46,2.41,-6.99,-3.93,0.64,-0.2,-2.85,-0.76,-2.91,24.55,19.2,3.72,1.6,-1.87,-1.41,3.2,3.84,2.3,4.35,-2.24,2.88,6.69,0.94,9.26,3.52,1.49,1.2,5.87,6.55,11.6,4.5,4.01,4.46,1.61,2.68,2.3,4.26,6.53,4.95939393939394,3.388787878787879,1.8181818181818181
CAN,156.0,Canada,Inflation,Headline Consumer Price Inflation,3.37,2.7,4.99,7.49,11.0,10.67,7.54,7.98,8.97,9.14,10.13,12.47,10.77,5.86,4.3,3.96,4.19,4.36,4.03,4.98,4.78,5.63,1.49,1.87,0.17,2.15,1.57,1.62,1.0,1.73,2.72,2.53,2.26,2.76,1.86,2.21,2.0,2.14,2.37,0.3,1.78,2.91,1.52,0.94,1.91,1.13,1.43,1.6,2.27,1.95,0.72,3.4,6.8,5.13939393939394,3.478787878787879,1.8181818181818181
CHE,146.0,Switzerland,Inflation,Headline Consumer Price Inflation,3.62,6.57,6.66,8.75,9.77,6.7,1.72,1.3,1.03,3.65,4.02,6.49,5.66,2.95,2.93,3.44,0.75,1.44,1.87,3.16,5.4,5.86,4.04,3.29,0.85,1.8,0.81,0.52,0.02,0.81,1.56,0.99,0.64,0.64,0.8,1.17,1.06,0.73,2.43,-0.48,0.69,0.23,-0.69,-0.22,-0.01,-1.14,-0.43,0.53,0.94,0.36,-0.73,0.58,2.8,2.4727272727272727,2.1454545454545455,1.8181818181818181
CHL,228.0,Chile,Inflation,Headline Consumer Price Inflation,32.51,20.05,77.8,352.81,504.74,374.74,211.92,91.95,40.09,33.39,35.14,19.69,9.94,27.26,19.86,30.7,19.48,19.88,14.68,17.03,26.04,21.78,15.43,12.73,11.44,8.23,7.36,6.13,5.11,3.34,3.84,3.57,2.49,2.81,1.05,3.05,3.39,4.41,8.72,0.35,1.41,3.34,3.01,1.93,4.39,4.35,3.79,2.18,2.44,2.25,3.05,4.52,11.6,8.33939393939394,5.078787878787879,1.8181818181818181
CHN,924.0,China,Inflation,Headline Consumer Price Inflation,1.06,1.05,1.04,1.03,0.92,1.11,0.34,2.49,0.68,1.93,5.99,2.5,2.0,2.0,2.7,9.5,5.68,7.24,18.88,18.19,3.04,3.58,6.37,14.63,24.26,16.79,8.31,2.79,-0.77,-1.4,0.35,0.72,-0.73,1.13,3.82,1.78,1.65,4.82,5.93,-0.73,3.18,5.55,2.62,2.62,1.92,1.44,2.0,1.56,2.07,2.9,2.42,0.9,1.97,1.9193939393939394,1.8687878787878787,1.8181818181818181
CIV,662.0,Côte d'Ivoire,Inflation,Headline Consumer Price Inflation,8.21,-1.0,0.51,11.0,17.55,11.45,12.01,27.51,13.12,16.32,14.81,8.85,7.45,5.75,4.27,1.9,9.65,6.94,6.87,1.15,-0.85,1.64,4.29,2.15,26.16,14.23,2.43,4.02,4.7,0.81,2.45,4.33,3.09,3.32,1.44,3.88,2.47,1.9,6.31,0.82,1.44,4.91,1.3,2.58,0.47,1.25,0.71,0.69,0.43,0.81,2.43,4.09,5.28,4.126060606060606,2.972121212121212,1.8181818181818181
CMR,622.0,Cameroon,Inflation,Headline Consumer Price Inflation,5.86,4.01,8.09,10.38,17.23,13.55,9.93,14.7,12.46,6.58,7.68,7.55,15.33,20.51,12.1,4.2,4.3,2.79,1.71,1.6,1.5,-0.6,1.89,-3.72,12.66,25.81,3.92,4.78,3.18,1.83,1.25,4.45,2.82,0.63,0.25,1.99,4.91,1.13,5.34,3.04,1.28,2.94,2.38,2.06,1.84,2.69,0.87,0.64,1.07,2.45,2.44,2.27,5.11,4.012727272727273,2.9154545454545455,1.8181818181818181
COD,636.0,"Congo, Dem. Rep.",Inflation,Headline Consumer Price Inflation,8.03,5.78,15.8,15.64,29.47,28.66,80.39,68.95,48.77,101.05,40.04,34.88,37.07,76.73,52.63,23.46,46.73,90.37,82.75,104.07,81.29,2154.44,4129.17,1986.9,23773.1,541.8,617.0,199.0,29.15,284.9,550.0,357.28,25.32,12.82,4.0,21.55,12.85,16.67,17.97,46.1,23.46,14.95,0.86,0.88,1.24,0.96,18.2,35.79,29.27,4.7,11.5,8.99,8.44,6.2327272727272724,4.025454545454545,1.8181818181818181
COG,634.0,"Congo, Rep.",Inflation,Headline Consumer Price Inflation,1.4,4.13,9.91,3.21,5.63,17.28,7.21,14.47,10.09,8.12,7.3,0.78,3.45,3.47,3.49,3.51,3.52,3.54,-13.01,-9.58,0.34,9.36,-3.16,-4.1,7.5,6.3,7.4,12.7,2.2,3.0,0.5,0.84,2.98,1.69,3.67,2.47,3.71,2.6,6.02,4.34,0.39,1.76,5.01,4.63,0.91,3.17,3.19,0.45,1.15,2.21,2.49,1.97,3.5,2.9393939393939394,2.378787878787879,1.8181818181818181
COL,233.0,Colombia,Inflation,Headline Consumer Price Inflation,6.91,12.06,12.03,22.6,22.58,25.19,18.92,34.09,17.51,24.2,26.58,27.52,24.7,19.49,16.36,23.97,18.85,23.31,28.14,25.86,29.14,30.35,27.03,22.44,22.85,20.9,20.8,18.46,18.68,10.87,9.22,7.97,6.35,7.13,5.9,5.05,4.29,5.55,7.0,4.2,2.27,3.42,3.17,2.02,2.9,4.99,7.51,4.31,3.24,3.52,2.52,3.5,10.2,7.406060606060606,4.612121212121212,1.8181818181818181
COM,632.0,Comoros,Inflation,Headline Consumer Price Inflation,4.32,5.65,5.53,9.97,18.43,29.7,9.6,9.4,9.09,10.7,13.33,6.5,15.21,9.21,6.05,8.38,-11.29,3.3,0.29,4.44,-7.39,1.7,-1.4,2.0,25.3,3.15,2.4,1.5,1.2,1.1,5.9,5.57,3.58,3.71,4.5,3.01,3.39,4.49,4.82,4.79,3.9,2.23,5.91,1.57,1.35,2.0,1.8,0.09,1.75,3.7,3.0,-0.18,11.44,8.232727272727272,5.025454545454545,1.8181818181818181
CPV,624.0,Cabo Verde,Inflation,Headline Consumer Price Inflation,4.39,5.6,5.47,10.06,1.43,40.84,8.2,11.18,13.3,6.88,15.07,20.68,21.13,20.16,9.68,5.88,11.11,3.75,3.61,4.65,11.11,7.59,13.43,5.83,3.34,8.41,6.01,8.57,4.4,4.34,-2.4,3.67,1.92,1.19,-1.89,0.43,4.84,4.39,6.79,0.99,2.08,4.47,2.54,1.51,-0.24,0.13,-1.41,0.78,1.25,1.11,0.61,1.86,6.5,4.9393939393939394,3.378787878787879,1.8181818181818181
CRI,238.0,Costa Rica,Inflation,Headline Consumer Price Inflation,4.65,3.08,4.6,15.21,30.07,17.37,3.49,4.16,6.04,9.16,18.14,37.04,90.11,32.63,11.95,15.06,11.83,16.85,20.83,16.51,19.05,28.71,21.79,9.78,13.54,23.19,17.51,13.25,11.66,10.05,10.96,11.26,9.17,9.45,12.31,13.8,11.47,9.36,13.42,7.84,5.66,4.88,4.5,5.23,4.52,0.8,-0.02,1.63,2.22,2.1,0.72,1.73,8.28,6.126060606060605,3.9721212121212117,1.8181818181818181
CUW,354.0,Curacao,Inflation,Headline Consumer Price Inflation,,,,9.62,22.46,12.32,3.57,2.71,6.24,7.0,12.03,9.23,3.45,1.33,1.32,-0.49,3.1,3.64,3.66,3.24,3.71,3.44,1.86,1.04,2.07,2.91,2.46,3.12,2.1,2.05,0.45,1.0,0.55,1.64,2.16,3.06,2.35,2.3,4.59,0.75,3.15,4.59,4.04,2.48,1.94,0.32,0.08,1.58,2.58,2.62,4.304545454545455,5.989090909090908,,,,12.727272727272727
CYP,423.0,Cyprus,Inflation,Headline Consumer Price Inflation,2.4,4.14,4.83,7.81,16.18,4.64,3.85,7.33,7.44,9.46,13.52,10.75,6.43,5.06,5.99,5.02,1.24,2.79,3.43,3.76,4.49,5.01,6.49,4.89,4.67,2.63,2.99,3.61,2.23,1.74,4.2,1.97,2.8,4.14,2.28,2.56,2.5,2.38,4.68,0.34,2.43,3.29,2.38,-0.4,-1.36,-2.1,-1.43,0.68,1.43,0.56,-0.64,0.49,8.4,6.206060606060607,4.012121212121213,1.8181818181818181
CZE,935.0,Czech Republic,Inflation,Headline Consumer Price Inflation,-0.41,-0.41,-0.31,0.31,0.51,0.71,0.81,1.31,1.59,3.91,2.91,0.82,5.07,0.95,0.94,2.28,0.5,0.08,0.14,1.38,10.02,57.71,11.09,20.81,10.04,8.99,8.76,8.6,10.7,2.14,3.78,4.66,1.9,0.12,2.76,1.86,2.53,2.85,6.36,1.02,1.47,1.92,3.29,1.44,0.34,0.31,0.68,2.45,2.15,2.86,3.16,3.84,15.1,10.672727272727272,6.245454545454546,1.8181818181818181
DEU,134.0,Germany,Inflation,Headline Consumer Price Inflation,3.45,5.24,5.48,7.03,6.99,5.91,4.25,3.73,2.72,4.04,5.44,6.34,5.24,3.29,2.41,2.07,-0.13,0.25,1.27,2.78,2.7,4.05,5.06,4.47,2.69,1.71,1.45,1.94,0.91,0.59,1.44,1.98,1.42,1.03,1.67,1.55,1.58,2.3,2.63,0.31,1.1,2.08,2.01,1.5,0.91,0.51,0.49,1.71,1.73,1.35,0.51,3.14,7.9,5.872727272727273,3.8454545454545457,1.8181818181818181
DJI,611.0,Djibouti,Inflation,Headline Consumer Price Inflation,4.25,1.9,7.1,7.6,16.1,12.3,12.4,21.5,19.6,15.0,12.1,5.7,-2.4,0.9,1.88,2.13,18.15,4.09,5.44,4.41,4.42,6.8,3.37,4.44,6.51,4.89,3.51,2.52,2.2,-0.4,2.0,1.76,0.63,1.97,3.12,3.11,3.47,4.97,11.96,1.67,3.95,5.07,3.74,2.4,2.94,2.1,2.7,0.57,0.15,3.32,2.88,1.18,6.59,4.999393939393939,3.4087878787878787,1.8181818181818181
DMA,321.0,Dominica,Inflation,Headline Consumer Price Inflation,12.39,3.64,3.69,12.1,34.38,19.9,10.9,9.5,7.71,18.0,23.85,13.27,4.41,4.23,2.13,2.09,3.02,4.82,2.25,7.66,3.19,5.56,5.26,1.57,-0.01,1.29,1.7,2.41,0.96,1.24,0.85,1.56,0.17,1.45,2.39,1.68,2.59,3.24,6.36,0.01,2.81,1.06,1.36,-0.05,0.81,-0.79,0.03,0.3,0.99,1.61,-0.3,1.57,5.28,4.126060606060606,2.972121212121212,1.8181818181818181
DNK,128.0,Denmark,Inflation,Headline Consumer Price Inflation,6.51,5.87,6.56,9.3,15.28,9.61,9.01,10.92,10.21,9.61,12.31,11.77,10.12,6.91,6.29,4.68,3.68,4.02,4.54,4.77,2.64,2.4,2.1,1.26,1.99,2.08,2.13,2.18,1.85,2.5,2.9,2.34,2.42,2.08,1.15,1.82,1.92,1.69,3.42,1.3,2.31,2.76,2.4,0.79,0.56,0.45,0.25,1.06,0.81,0.73,0.42,1.85,7.7,5.739393939393939,3.778787878787879,1.8181818181818181
DOM,243.0,Dominican Republic,Inflation,Headline Consumer Price Inflation,3.82,3.58,8.64,15.08,13.14,14.5,7.77,12.85,3.48,9.17,21.66,7.52,7.64,5.68,20.24,45.31,7.53,13.56,43.84,40.75,50.31,47.42,4.25,5.22,8.24,12.51,5.4,8.29,4.83,6.48,7.77,8.9,5.24,27.46,51.3,4.15,7.56,6.17,10.67,1.48,6.34,8.45,3.68,4.82,3.01,0.85,1.63,3.28,3.56,1.81,3.78,8.24,8.81,6.47939393939394,4.148787878787879,1.8181818181818181
DZA,612.0,Algeria,Inflation,Headline Consumer Price Inflation,6.6,2.63,3.66,6.17,4.7,8.23,9.43,11.99,17.52,11.35,9.67,14.61,6.59,7.84,6.31,10.43,14.01,5.86,5.94,9.17,9.27,25.9,31.7,20.5,29.0,29.8,18.7,5.7,4.95,2.6,0.3,4.2,1.43,4.26,3.97,1.38,2.31,3.93,4.38,9.36,4.21,5.74,9.7,4.1,3.88,4.39,5.8,5.59,3.51,1.95,2.42,7.23,9.96,7.246060606060606,4.532121212121212,1.8181818181818181
ECU,248.0,Ecuador,Inflation,Headline Consumer Price Inflation,5.13,0.0,0.0,0.0,42.08,6.16,2.49,29.65,0.0,20.79,3.27,18.17,16.93,49.7,29.9,28.54,21.81,29.64,58.89,75.3,48.51,48.61,54.68,44.95,27.37,22.93,24.49,30.68,36.17,52.21,96.04,37.44,12.42,7.91,2.75,2.2,3.32,2.29,8.4,5.16,3.55,4.47,5.1,2.72,3.59,3.97,1.73,0.42,-0.22,0.27,-0.34,0.13,3.47,2.9193939393939394,2.368787878787879,1.8181818181818181
EGY,469.0,"Egypt, Arab Rep.",Inflation,Headline Consumer Price Inflation,3.76,4.41,1.41,4.63,11.95,9.09,10.14,13.16,11.05,9.95,20.95,10.24,14.29,16.56,16.76,12.51,23.37,19.77,17.82,21.22,16.83,19.78,13.58,12.08,8.09,15.7,7.29,4.47,3.95,3.09,2.71,2.27,2.74,4.47,11.28,4.85,7.61,9.48,18.32,11.88,11.06,10.08,7.12,9.47,10.06,10.35,13.81,23.54,14.4,13.88,5.7,5.21,13.89,9.866060606060607,5.842121212121212,1.8181818181818181
ESP,184.0,Spain,Inflation,Headline Consumer Price Inflation,5.76,8.24,8.27,11.42,15.68,16.95,17.62,24.54,19.77,15.66,15.56,14.55,14.41,12.17,11.28,8.81,8.79,5.25,4.84,6.79,6.72,5.93,5.92,4.57,4.72,4.67,3.56,1.97,1.83,2.31,3.43,3.59,3.07,3.04,3.04,3.37,3.52,2.79,4.08,-0.29,1.8,3.2,2.45,1.41,-0.15,-0.5,-0.2,1.96,1.68,0.7,-0.32,3.09,8.4,6.206060606060607,4.012121212121213,1.8181818181818181
ETH,644.0,Ethiopia,Inflation,Headline Consumer Price Inflation,10.12,0.54,-6.08,8.91,8.59,6.74,28.77,16.87,18.78,13.18,12.44,1.94,7.77,3.57,-0.33,18.4,5.55,-9.15,2.21,9.63,5.21,20.87,21.02,9.99,1.17,13.35,0.92,-6.42,3.6,7.94,0.66,-8.24,1.65,17.76,3.22,11.66,13.56,17.25,44.37,8.48,8.13,33.23,24.13,8.15,7.41,10.08,7.28,10.69,13.84,15.81,20.35,26.84,33.89,23.199393939393943,12.508787878787881,1.8181818181818181
FIN,172.0,Finland,Inflation,Headline Consumer Price Inflation,2.73,6.48,6.66,10.75,16.94,17.81,14.34,11.79,7.8,7.47,11.59,11.31,9.58,8.37,7.07,5.2,2.93,4.11,5.09,6.59,6.15,4.31,2.92,2.19,1.09,0.79,0.63,1.19,1.4,1.16,3.04,2.58,1.57,0.88,0.19,0.62,1.57,2.51,4.07,0.0,1.18,3.42,2.81,1.48,1.04,-0.21,0.36,0.84,1.08,1.14,0.29,2.19,7.1,5.339393939393939,3.5787878787878786,1.8181818181818181
FJI,819.0,Fiji,Inflation,Headline Consumer Price Inflation,4.12,9.14,21.98,11.09,14.5,13.06,11.43,7.01,6.11,7.81,14.46,11.2,7.01,6.81,5.27,4.41,1.79,5.66,11.76,6.19,8.19,6.5,4.88,5.21,0.8,2.18,3.01,3.39,5.74,1.98,1.1,4.26,0.72,4.22,2.83,2.3,2.53,4.81,7.73,3.65,3.69,7.28,3.42,2.91,0.53,1.38,3.87,3.35,4.08,1.77,-2.6,0.16,4.52,3.619393939393939,2.7187878787878788,1.8181818181818181
FRA,132.0,France,Inflation,Headline Consumer Price Inflation,5.85,5.4,6.06,7.38,13.65,11.69,9.63,9.49,9.25,10.65,13.56,13.31,11.98,9.46,7.67,5.83,2.54,3.29,2.7,3.5,3.19,3.21,2.36,2.1,1.66,1.8,1.98,1.2,0.65,0.54,1.68,1.63,1.92,2.1,2.14,1.75,1.68,1.49,2.81,0.09,1.53,2.11,1.95,0.86,0.51,0.04,0.18,1.16,1.85,1.3,0.48,1.64,5.2,4.072727272727273,2.9454545454545458,1.8181818181818181
GAB,646.0,Gabon,Inflation,Headline Consumer Price Inflation,3.81,3.86,3.49,6.21,12.07,28.45,20.17,13.85,10.76,7.95,12.32,8.6,16.7,10.4,5.9,7.3,6.4,-1.0,-9.8,6.9,15.37,-9.83,-9.54,0.53,36.12,9.65,0.69,3.97,1.45,-1.93,0.5,2.14,0.16,2.11,0.41,1.17,-1.41,-1.02,5.26,1.88,1.45,1.26,2.68,0.48,4.51,-0.14,2.09,2.65,4.78,2.02,1.37,1.08,4.23,3.4260606060606063,2.622121212121212,1.8181818181818181
GBR,112.0,United Kingdom,Inflation,Headline Consumer Price Inflation,6.37,9.44,7.07,9.2,16.04,24.21,16.56,15.84,8.26,13.42,17.97,11.88,8.6,4.61,4.96,6.07,3.43,4.15,4.21,5.81,8.04,7.44,4.56,2.58,2.2,2.62,2.85,2.19,1.86,1.82,1.1,1.63,1.47,1.32,1.43,2.06,2.52,2.33,3.48,1.97,2.5,3.88,2.56,2.29,1.43,0.4,1.0,2.68,2.32,1.79,0.99,2.5,7.9,5.872727272727273,3.8454545454545457,1.8181818181818181
GHA,652.0,Ghana,Inflation,Headline Consumer Price Inflation,3.03,9.56,10.07,17.68,18.13,29.82,56.08,116.45,73.09,54.44,50.01,116.5,22.49,122.25,40.03,10.3,24.54,39.76,31.37,25.24,37.24,18.1,10.05,24.94,24.87,59.32,44.49,24.83,19.21,12.47,25.11,32.93,14.85,26.63,12.67,15.1,11.68,10.73,16.5,13.14,6.7,7.68,7.07,11.67,15.49,17.15,17.44,12.37,9.84,7.18,9.95,9.97,31.92,21.886060606060607,11.852121212121212,1.8181818181818181
GIN,656.0,Guinea,Inflation,Headline Consumer Price Inflation,4.33,5.62,5.58,9.96,4.15,4.82,6.2,4.61,6.66,11.22,39.99,35.0,29.92,30.26,26.01,19.04,64.7,36.89,27.29,28.26,25.69,19.68,16.56,7.14,4.22,5.55,2.99,1.94,5.1,4.55,6.77,5.38,2.96,11.04,17.46,31.36,34.7,22.86,18.37,4.68,15.47,21.35,15.23,11.89,9.71,8.15,8.17,8.91,9.83,9.47,10.6,12.6,12.72,9.086060606060606,5.452121212121212,1.8181818181818181
GMB,648.0,"Gambia, The",Inflation,Headline Consumer Price Inflation,-1.99,3.06,8.7,6.92,9.24,25.92,17.03,12.39,8.86,6.13,5.02,7.92,8.23,10.65,22.11,18.32,56.56,23.71,11.55,8.26,12.17,8.64,9.48,6.47,1.71,6.98,1.1,2.78,1.11,3.81,0.85,4.49,8.61,17.03,14.29,4.96,2.06,5.37,4.45,4.55,5.05,4.8,4.64,5.24,6.26,6.81,7.22,8.05,6.52,7.12,5.93,7.37,11.31,8.146060606060606,4.982121212121212,1.8181818181818181
GNB,654.0,Guinea-Bissau,Inflation,Headline Consumer Price Inflation,4.4,5.62,5.49,0.79,30.67,19.76,1.6,2.95,-4.4,26.0,64.76,41.94,16.54,23.31,64.86,112.71,26.55,86.77,60.31,80.79,33.0,57.6,69.44,48.23,15.18,45.13,50.93,49.06,8.07,-2.09,8.61,3.25,3.3,-3.47,0.82,3.36,1.95,4.63,10.44,-1.64,1.07,5.05,2.06,0.78,-1.03,1.48,1.5,1.06,1.44,0.25,1.46,3.27,5.52,4.286060606060606,3.0521212121212122,1.8181818181818181
GNQ,642.0,Equatorial Guinea,Inflation,Headline Consumer Price Inflation,1.68,5.63,6.9,10.26,17.95,12.74,15.4,12.05,9.44,12.16,12.16,16.7,38.26,60.06,59.52,84.0,-17.64,-13.17,2.52,6.06,0.92,-3.42,-4.28,5.45,31.84,19.87,4.54,3.02,7.94,0.37,4.84,8.74,7.58,7.32,4.24,5.64,4.47,2.8,4.65,5.74,5.32,4.8,3.44,3.18,4.3,1.7,1.4,0.75,1.08,1.21,4.77,-0.09,5.14,4.032727272727272,2.9254545454545453,1.8181818181818181
GRC,174.0,Greece,Inflation,Headline Consumer Price Inflation,3.19,3.29,4.33,15.38,26.56,13.63,13.02,12.37,12.57,19.09,24.68,24.51,20.99,20.18,18.46,19.31,23.02,16.4,13.53,13.66,20.43,19.46,15.88,14.41,10.87,8.93,8.19,5.54,4.77,2.64,3.15,3.37,3.63,3.53,2.9,3.55,3.2,2.89,4.15,1.21,4.71,3.33,1.5,-0.92,-1.31,-1.74,-0.83,1.14,0.63,0.52,-1.25,1.22,9.6,7.006060606060606,4.412121212121212,1.8181818181818181
GRD,328.0,Grenada,Inflation,Headline Consumer Price Inflation,18.46,18.46,18.46,18.46,18.46,18.46,18.46,18.46,17.9,20.88,15.48,18.79,7.81,6.09,5.66,2.5,0.56,-0.87,4.0,5.59,2.72,2.64,3.78,2.81,6.43,3.03,2.03,1.25,1.4,0.57,2.14,1.67,1.07,2.15,2.31,3.48,4.25,3.86,8.03,-0.31,3.44,3.03,2.41,-0.04,-0.98,-0.58,1.72,0.91,0.81,0.6,-0.74,1.22,1.22,1.4193939393939394,1.6187878787878787,1.8181818181818181
GTM,258.0,Guatemala,Inflation,Headline Consumer Price Inflation,2.34,-2.49,-3.77,12.01,19.68,12.92,10.73,12.61,7.84,11.58,10.75,11.39,0.1,3.59,3.28,19.22,32.81,10.83,10.32,12.92,41.03,35.06,10.23,13.36,12.53,8.41,11.06,9.24,6.62,5.21,5.98,7.28,8.13,5.6,7.57,9.1,6.56,6.83,11.36,1.87,3.86,6.21,3.78,4.34,3.42,2.39,4.45,4.43,3.75,3.7,3.21,4.26,6.89,5.199393939393939,3.508787878787879,1.8181818181818181
GUY,336.0,Guyana,Inflation,Headline Consumer Price Inflation,3.37,1.0,4.95,7.55,17.54,7.84,9.0,8.25,15.07,17.88,14.09,22.24,20.61,15.29,25.14,15.03,7.9,28.7,39.9,89.5,64.3,103.1,26.7,8.4,12.4,12.22,7.09,3.56,4.57,7.53,6.11,2.65,5.36,5.98,4.67,6.93,6.68,12.2,8.1,2.95,4.3,4.41,2.39,1.91,0.68,-0.87,0.83,1.94,1.27,2.09,0.72,3.32,7.59,5.666060606060606,3.742121212121212,1.8181818181818181
HKG,532.0,"Hong Kong SAR, China",Inflation,Headline Consumer Price Inflation,,,,,,,,,,,4.44,9.48,10.99,9.93,8.57,3.54,3.59,5.72,7.76,10.25,10.26,11.24,9.57,8.84,8.78,9.04,6.32,5.82,2.83,-3.98,-3.72,-1.61,-3.05,-2.6,-0.35,0.92,2.01,2.03,4.3,0.58,2.31,5.28,4.06,4.32,4.44,3.0,2.42,1.48,2.41,2.87,0.33,1.57,1.88,7.92,13.96,20.0
HND,268.0,Honduras,Inflation,Headline Consumer Price Inflation,2.88,2.11,3.76,4.89,12.95,8.41,4.8,8.34,5.84,11.85,18.36,9.4,8.83,8.12,4.82,3.29,4.45,2.44,4.64,9.72,23.41,33.95,8.71,10.81,21.74,29.48,23.82,20.2,13.66,11.7,11.05,9.63,7.71,7.66,8.11,8.8,5.58,6.95,11.39,5.5,4.71,6.76,5.2,5.15,6.13,3.16,2.72,3.93,4.34,4.36,3.47,4.48,9.09,6.666060606060606,4.242121212121212,1.8181818181818181
HRV,960.0,Croatia,Inflation,Headline Consumer Price Inflation,,,,,,,,,,,,40.2,31.8,40.6,46.2,78.9,91.2,130.8,186.7,1181.4,598.7,122.6,635.6,1523.68,101.03,1.96,3.62,3.63,6.63,4.01,4.6,3.78,1.67,1.77,2.05,3.32,3.18,2.9,6.08,2.37,1.03,2.26,3.41,2.22,-0.21,-0.46,-1.12,1.13,1.5,0.77,0.28,2.55,10.78,14.459393939393939,18.138787878787877,21.818181818181817
HTI,263.0,Haiti,Inflation,Headline Consumer Price Inflation,1.37,9.58,3.19,22.74,14.95,16.77,7.04,6.49,-2.67,13.09,19.08,10.86,7.36,10.24,6.4,10.65,3.28,-11.45,4.11,6.92,21.28,15.42,19.36,22.56,42.56,30.2,20.58,16.18,12.72,8.13,11.46,16.49,9.35,26.73,28.32,16.76,14.21,8.96,14.38,3.43,4.14,7.39,6.78,6.78,3.94,7.52,13.38,14.74,12.89,17.31,22.8,15.94,26.82,18.486060606060605,10.152121212121212,1.8181818181818181
HUN,944.0,Hungary,Inflation,Headline Consumer Price Inflation,4.25,5.73,-3.71,3.39,1.8,3.84,5.23,5.2,4.73,7.46,8.6,4.66,6.84,7.28,8.47,6.94,5.29,8.67,15.72,17.15,28.37,34.82,23.66,22.46,18.87,28.31,23.47,18.31,14.15,10.0,9.8,9.12,5.27,4.66,6.74,3.56,3.93,7.96,6.04,4.21,4.86,3.93,5.65,1.73,-0.23,-0.06,0.39,2.41,2.85,3.37,3.33,5.11,14.6,10.33939393939394,6.078787878787878,1.8181818181818181
IDN,536.0,Indonesia,Inflation,Headline Consumer Price Inflation,12.35,4.23,6.52,31.04,40.49,19.17,19.83,11.05,8.11,16.23,18.04,12.27,9.45,11.8,10.46,4.72,5.82,9.28,8.05,6.42,7.82,9.42,7.52,9.67,8.53,9.42,7.97,6.23,58.45,20.48,3.69,11.5,11.9,6.76,6.06,10.45,13.11,6.41,10.23,4.39,5.13,5.36,4.28,6.41,6.39,6.36,3.53,3.81,3.2,2.82,1.92,1.56,4.21,3.4127272727272726,2.6154545454545453,1.8181818181818181
IND,534.0,India,Inflation,Headline Consumer Price Inflation,5.1,3.08,6.44,16.94,28.6,5.75,-7.63,8.31,2.52,6.28,11.35,13.11,7.89,11.87,8.32,5.56,8.73,8.8,9.38,7.07,8.97,13.87,11.79,6.33,10.25,10.22,8.98,7.16,13.23,4.67,4.01,3.78,4.3,3.81,3.77,4.25,5.8,6.37,8.35,10.88,11.99,8.86,9.31,10.91,6.35,5.87,4.94,3.6,4.86,4.76,6.62,4.89,6.69,5.066060606060606,3.4421212121212124,1.8181818181818181
IRL,178.0,Ireland,Inflation,Headline Consumer Price Inflation,8.21,8.96,8.61,11.41,16.98,20.88,17.99,13.47,7.71,13.3,18.15,20.37,17.15,10.45,8.65,5.4,3.83,3.16,2.13,4.09,3.32,3.21,3.07,1.47,2.31,2.52,1.75,1.53,2.42,1.63,5.59,4.87,4.61,3.49,2.2,2.43,3.93,4.9,4.06,-4.48,-0.92,2.56,1.7,0.51,0.18,-0.29,0.01,0.25,0.49,0.88,-0.33,2.36,7.8,5.806060606060606,3.812121212121212,1.8181818181818181
IRN,429.0,"Iran, Islamic Rep.",Inflation,Headline Consumer Price Inflation,1.67,4.2,6.4,9.82,14.25,12.88,11.26,27.29,11.72,10.49,20.63,24.2,18.68,19.74,12.58,4.38,23.72,27.71,28.9,17.4,9.0,20.17,24.48,22.47,34.86,49.32,23.92,16.54,18.45,20.24,12.29,11.54,15.83,15.57,15.32,10.25,12.0,18.41,25.3,10.82,12.3,21.53,30.57,36.58,16.61,12.47,7.26,9.64,17.95,41.02,36.5,43.39,42.44,28.89939393939394,15.35878787878788,1.8181818181818181
IRQ,433.0,Iraq,Inflation,Headline Consumer Price Inflation,4.36,3.6,5.19,4.89,7.7,9.52,12.82,9.17,4.61,31.7,13.2,-27.5,22.0,12.2,7.8,4.2,1.3,14.0,21.4,6.3,53.7,181.0,83.6,207.7,448.5,387.3,-16.1,23.1,14.8,12.6,5.0,16.4,19.3,33.6,27.0,36.96,53.25,30.82,2.67,-2.19,2.44,5.6,6.09,1.88,2.24,1.39,0.52,0.1,0.63,-0.2,0.57,6.04,5.14,4.032727272727272,2.9254545454545453,1.8181818181818181
ISL,176.0,Iceland,Inflation,Headline Consumer Price Inflation,13.09,6.74,9.71,20.95,42.73,49.43,32.78,30.32,43.75,44.44,58.53,51.79,50.24,83.95,30.85,31.99,22.13,18.3,25.73,20.76,15.51,6.81,3.95,4.04,1.55,1.65,2.26,1.82,1.66,3.23,5.14,6.41,5.2,2.06,3.16,3.99,6.69,5.05,12.69,12.0,5.4,4.0,5.19,3.87,2.04,1.63,1.7,1.76,2.68,3.01,2.85,4.44,8.3,6.1393939393939405,3.9787878787878794,1.8181818181818181
ISR,436.0,Israel,Inflation,Headline Consumer Price Inflation,6.11,11.97,12.88,20.03,39.68,39.31,31.31,34.62,50.55,78.31,131.02,116.8,120.36,145.95,373.22,308.79,48.04,19.68,16.35,20.21,17.2,18.96,11.99,10.95,12.38,9.99,11.36,8.93,5.48,5.16,1.05,1.15,5.74,0.72,-0.41,1.31,2.12,0.47,4.59,3.33,2.71,3.47,1.68,1.57,0.49,-0.63,-0.54,0.24,0.81,0.84,-0.59,1.49,4.4,3.5393939393939395,2.6787878787878787,1.8181818181818181
ITA,136.0,Italy,Inflation,Headline Consumer Price Inflation,4.81,4.79,5.75,10.8,19.16,16.95,16.61,17.13,12.09,14.8,21.06,17.97,16.48,14.65,10.79,9.21,5.82,4.75,5.06,6.26,6.46,6.25,5.27,4.63,4.05,5.24,4.01,2.04,1.96,1.66,2.54,2.79,2.47,2.67,2.21,1.99,2.09,1.83,3.35,0.77,1.53,2.78,3.04,1.22,0.24,0.04,-0.09,1.33,1.14,0.63,-0.14,1.87,8.2,6.072727272727272,3.9454545454545453,1.8181818181818181
JAM,343.0,Jamaica,Inflation,Headline Consumer Price Inflation,14.73,0.0,0.0,25.0,26.67,17.54,7.46,13.89,32.93,30.28,26.76,12.78,7.39,11.01,27.69,25.89,14.91,6.49,8.19,14.17,21.94,51.46,77.26,21.92,35.24,19.94,26.43,9.7,8.56,5.9,8.07,6.84,7.06,10.13,13.53,15.1,8.52,9.29,22.01,9.58,12.59,7.53,6.88,9.35,8.3,3.68,2.35,4.38,3.73,3.91,5.23,5.86,10.35,7.506060606060606,4.662121212121212,1.8181818181818181
JOR,439.0,Jordan,Inflation,Headline Consumer Price Inflation,6.8,4.82,7.66,11.13,19.43,11.98,11.5,11.81,6.89,14.31,11.03,12.02,6.5,1.89,3.88,2.95,0.03,-0.17,6.63,25.65,16.11,8.13,3.97,4.52,2.34,2.36,6.57,3.02,3.1,0.6,0.68,1.78,1.84,2.35,2.63,3.45,6.23,4.71,13.97,-0.73,4.86,4.18,4.52,4.83,2.91,-0.87,-0.78,3.32,4.46,0.68,0.33,1.35,4.23,3.4260606060606063,2.622121212121212,1.8181818181818181
JPN,158.0,Japan,Inflation,Headline Consumer Price Inflation,7.67,6.4,4.84,11.61,23.22,11.73,9.37,8.16,4.21,3.7,7.78,4.91,2.74,1.9,2.26,2.03,0.6,0.13,0.68,2.27,3.08,3.25,1.76,1.24,0.7,-0.13,0.14,1.75,0.66,-0.34,-0.68,-0.74,-0.92,-0.26,-0.01,-0.28,0.25,0.06,1.38,-1.35,-0.72,-0.27,-0.05,0.35,2.76,0.79,-0.12,0.47,0.98,0.48,-0.02,-0.23,2.5,2.2727272727272725,2.0454545454545454,1.8181818181818181
KEN,664.0,Kenya,Inflation,Headline Consumer Price Inflation,2.19,3.78,5.83,9.28,17.81,19.12,11.45,14.82,16.93,7.98,13.86,11.6,20.67,11.4,10.28,10.72,10.55,8.64,12.36,13.4,15.67,18.99,27.34,46.06,28.72,1.56,8.84,11.28,5.4,5.79,9.98,5.78,1.99,9.82,11.81,9.91,6.03,4.25,15.1,10.52,4.08,14.03,9.37,5.73,6.88,6.59,6.33,7.99,4.69,5.2,5.4,6.11,7.66,5.712727272727273,3.7654545454545456,1.8181818181818181
KHM,522.0,Cambodia,Inflation,Headline Consumer Price Inflation,12.1,71.3,25.4,157.9,228.2,208.2423076923077,188.2846153846154,,,,,,,,,,,-31.25,23.0,63.8,141.8,191.0,75.0,114.32,10.44,10.08,7.15,10.5,12.9,2.0,-0.83,-0.12,-0.04,1.03,3.92,6.35,6.14,7.67,25.0,-0.66,4.0,5.26,3.15,2.94,3.86,1.22,3.02,2.91,2.39,2.01,2.94,2.92,6.07,11.925454545454546,17.78090909090909,23.636363636363637
KIR,826.0,Kiribati,Inflation,Headline Consumer Price Inflation,,,,,,,,,,,16.1,7.7,5.49,6.31,5.44,4.49,6.61,-10.21,1.13,5.61,3.95,6.08,4.22,6.11,4.0,4.1,-1.67,2.55,3.67,1.75,0.38,6.0,3.18,1.63,-0.74,-0.35,-1.0,3.59,13.66,9.82,-3.9,1.5,-3.05,-1.49,2.1,0.57,1.92,0.36,0.59,-1.88,2.48,3.0,5.6,10.399999999999999,15.2,20.0
KNA,361.0,St. Kitts and Nevis,Inflation,Headline Consumer Price Inflation,15.8,-1.6,6.2,10.3,28.4,10.7,13.1,17.8,33.42,11.2,19.33,8.56,5.97,2.23,2.73,2.67,-0.03,0.94,0.23,5.13,4.2,4.2,2.84,1.79,1.43,3.0,2.05,8.68,3.68,3.35,2.11,2.14,2.08,2.27,2.25,3.37,8.49,4.48,5.3,2.06,0.85,5.84,0.82,1.11,0.25,-2.3,-0.34,0.0,-0.23,-0.18,-0.59,0.2,3.78,3.126060606060606,2.4721212121212117,1.8181818181818181
KOR,542.0,"Korea, Rep.",Inflation,Headline Consumer Price Inflation,16.08,13.51,11.69,3.22,24.3,25.25,15.33,10.1,14.46,18.32,28.7,21.35,7.19,3.42,2.27,2.46,2.75,3.05,7.15,5.7,8.57,9.33,6.21,4.8,6.27,4.48,4.92,4.44,7.51,0.81,2.26,4.07,2.76,3.51,3.59,2.75,2.24,2.53,4.67,2.76,2.94,4.03,2.19,1.3,1.27,0.71,0.97,1.94,1.48,0.38,0.54,2.5,5.09,3.999393939393939,2.9087878787878787,1.8181818181818181
KWT,443.0,Kuwait,Inflation,Headline Consumer Price Inflation,8.27,8.27,8.27,9.16,12.99,8.39,5.24,9.89,8.69,7.05,6.93,7.38,7.78,4.72,1.18,1.49,0.95,0.65,1.47,3.34,15.8,8.13,-0.32,0.6,2.37,2.53,3.04,0.81,0.6,3.08,1.57,1.45,0.8,0.99,1.26,4.12,3.09,5.47,6.3,4.61,4.5,4.91,3.2,2.7,2.88,3.27,2.96,1.51,0.57,1.1,1.0,3.42,3.98,3.2593939393939393,2.5387878787878786,1.8181818181818181
LAO,544.0,Lao PDR,Inflation,Headline Consumer Price Inflation,0.32,1.29,25.16,30.79,50.0,29.7,10.9,89.99,10.01,2.7,188.82,33.7,70.38,62.51,27.17,114.7,35.0,6.11,14.8,59.7,-26.32,13.44,9.85,5.65,7.67,19.08,19.15,19.54,90.14,128.41,8.37,7.74,10.61,15.5,10.49,7.17,6.56,4.66,7.62,0.15,5.98,7.57,4.25,6.36,4.12,1.28,1.6,0.66,2.03,3.32,5.13,3.76,22.96,15.912727272727274,8.865454545454545,1.8181818181818181
LBN,446.0,Lebanon,Inflation,Headline Consumer Price Inflation,0.01,1.56,4.92,6.0,12.29,20.05,28.83,19.0,10.1,23.7,23.9,19.3,18.6,7.2,17.6,69.4,95.4,487.2,155.0,72.2,68.9,50.12,99.85,24.74,8.23,10.28,8.88,7.75,4.55,0.24,-0.36,-0.37,1.76,1.27,1.67,-0.72,5.57,4.06,10.76,1.22,3.97,4.99,6.55,5.57,1.12,-3.75,-0.82,4.48,6.07,2.89,84.86,154.76,171.2,114.73939393939392,58.27878787878787,1.8181818181818181
LBR,668.0,Liberia,Inflation,Headline Consumer Price Inflation,1.52,-0.71,3.89,19.54,19.03,14.0,5.63,6.21,7.28,11.61,14.59,7.67,5.91,2.79,1.21,-0.6,3.6,5.02,9.65,25.31,-0.2,5.5,-1.1,7.1,5.3,6.5,5.5,-10.0,-6.7,0.9,5.3,12.15,14.16,10.33,3.56,6.95,9.51,11.39,17.49,7.43,7.29,8.49,6.83,7.58,9.86,7.74,8.84,12.44,23.56,26.97,11.89,7.82,6.91,5.212727272727273,3.5154545454545456,1.8181818181818181
LBY,672.0,Libya,Inflation,Headline Consumer Price Inflation,-5.3,-3.1,-0.25,7.97,7.46,9.12,5.48,6.28,29.38,-6.04,14.29,13.19,13.8,10.51,12.44,9.11,3.38,4.42,3.13,4.46,0.72,11.7,9.45,7.47,10.67,8.34,4.0,3.59,3.72,2.57,-2.91,-8.84,-9.86,-2.06,1.25,2.66,1.47,6.21,10.4,2.45,2.46,15.9,6.07,2.59,2.43,9.84,25.88,28.47,-1.2,4.56,22.26,2.77,5.52,4.286060606060606,3.0521212121212122,1.8181818181818181
LCA,362.0,St. Lucia,Inflation,Headline Consumer Price Inflation,13.4,8.39,7.88,13.44,34.22,17.74,9.67,8.87,10.88,9.39,19.37,15.13,4.61,1.47,2.05,0.5,2.17,7.04,0.83,4.39,4.33,5.54,5.66,0.77,2.66,5.86,0.93,-0.01,3.2,2.41,4.85,5.27,-0.26,1.03,1.46,3.91,3.56,2.82,5.55,-0.16,3.25,2.77,4.18,1.47,3.52,-0.99,-3.09,0.11,1.99,0.54,0.34,2.38,6.4,4.872727272727273,3.3454545454545457,1.8181818181818181
LKA,524.0,Sri Lanka,Inflation,Headline Consumer Price Inflation,5.87,2.67,6.35,9.63,12.3,6.63,1.33,1.22,12.14,10.73,26.15,17.97,10.83,13.96,16.64,1.48,7.98,7.72,13.99,11.57,21.5,12.19,11.38,11.75,8.45,7.68,15.94,9.56,9.37,4.69,6.18,14.16,9.55,8.97,9.01,10.98,10.02,15.84,9.64,3.43,6.25,6.72,7.54,6.9,2.84,3.75,3.97,6.58,2.14,4.3,6.15,7.01,50.43,34.22606060606061,18.022121212121213,1.8181818181818181
LSO,666.0,Lesotho,Inflation,Headline Consumer Price Inflation,13.4,13.4,13.4,13.4,13.4,14.21,11.41,16.69,13.48,16.0,19.63,11.85,14.4,15.06,11.57,14.99,15.69,12.03,12.4,14.67,11.97,17.3,18.09,10.68,8.3,9.72,8.89,8.38,8.24,7.77,6.06,7.97,12.21,6.34,4.64,3.64,6.34,9.18,10.69,5.83,3.31,6.01,5.47,5.0,4.57,4.3,6.21,4.46,4.01,5.19,4.98,6.05,8.31,6.1460606060606064,3.9821212121212124,1.8181818181818181
LTU,946.0,Lithuania,Inflation,Headline Consumer Price Inflation,,,,,,,,,,,,1.3,3.7,0.7,-0.6,0.6,3.1,2.2,-0.4,1.9,216.4,216.4,1020.62,410.45,72.25,39.65,24.63,8.88,5.07,0.73,0.98,1.37,0.28,-1.13,1.16,2.66,3.74,5.74,10.93,4.45,1.32,4.13,3.09,1.05,0.1,-0.88,0.91,3.72,2.7,2.24,1.2,4.68,19.7,20.406060606060606,21.11212121212121,21.818181818181817
LUX,137.0,Luxembourg,Inflation,Headline Consumer Price Inflation,4.64,4.67,5.23,6.07,9.54,10.72,9.8,6.71,3.09,4.55,6.3,8.07,9.36,8.67,6.44,4.09,0.29,-0.06,1.44,3.37,3.25,3.12,3.15,3.59,2.19,1.87,1.18,1.37,0.96,1.03,3.15,2.66,2.07,2.05,2.23,2.49,2.67,2.31,3.4,0.37,2.27,3.41,2.66,1.73,0.63,0.47,0.29,2.11,1.53,1.65,0.82,2.53,6.3,4.806060606060606,3.312121212121212,1.8181818181818181
MAR,686.0,Morocco,Inflation,Headline Consumer Price Inflation,1.28,4.16,3.76,4.08,17.56,7.92,8.5,12.6,9.72,8.33,9.41,12.49,10.53,6.21,12.45,7.73,8.73,2.7,2.37,3.14,6.03,8.99,5.74,5.18,5.14,6.12,2.99,1.04,2.74,0.69,1.92,0.61,2.78,1.16,1.49,0.98,3.29,2.04,3.89,0.97,1.0,0.9,1.29,1.9,0.42,1.57,1.65,0.75,1.79,0.24,0.71,1.4,6.66,5.046060606060606,3.432121212121212,1.8181818181818181
MDG,674.0,Madagascar,Inflation,Headline Consumer Price Inflation,2.88,5.39,5.62,6.12,22.1,8.19,4.99,3.11,6.53,14.06,18.28,30.46,31.91,19.47,9.72,10.57,14.49,15.46,26.34,9.02,11.86,8.54,14.57,9.99,38.99,49.04,19.76,4.49,6.21,8.06,10.67,7.92,16.5,-1.7,13.96,18.36,10.77,10.29,9.3,8.95,9.25,9.48,5.71,5.83,6.08,7.4,6.66,8.28,7.29,5.62,4.2,5.82,9.8,7.1393939393939405,4.478787878787879,1.8181818181818181
MDV,556.0,Maldives,Inflation,Headline Consumer Price Inflation,4.32,5.62,5.49,10.03,18.34,18.34,31.4,-0.76,13.88,20.0,27.88,11.1,-0.81,9.89,0.99,-9.16,9.1,11.7,6.48,7.16,15.54,12.5,16.86,20.13,3.39,5.49,6.24,7.58,-1.41,2.96,-1.18,0.67,0.93,-2.8,6.34,2.46,3.5,6.8,12.03,4.55,6.16,11.26,10.89,3.8,2.12,1.89,0.8,2.27,1.37,1.31,-1.37,0.54,2.18,2.0593939393939396,1.9387878787878787,1.8181818181818181
MEX,273.0,Mexico,Inflation,Headline Consumer Price Inflation,5.21,5.47,4.94,12.08,23.78,14.94,15.82,29.06,17.46,18.19,26.35,27.93,58.91,101.87,65.45,57.75,86.23,131.83,114.16,20.01,26.65,22.66,15.51,9.75,6.97,35.0,34.38,20.63,15.93,16.59,9.49,6.37,5.03,4.55,4.69,3.99,3.63,3.97,5.12,5.3,4.16,3.41,4.11,3.81,4.02,2.72,2.82,6.04,4.9,3.63,3.4,5.69,7.9,5.872727272727273,3.8454545454545457,1.8181818181818181
MKD,962.0,"Macedonia, FYR",Inflation,Headline Consumer Price Inflation,,,,,,,,,,,,,35.3,41.9,49.1,70.9,89.3,115.3,191.9,1258.2,600.0,110.8,1511.7,338.68,125.49,16.06,2.42,1.37,0.57,-1.25,6.63,5.21,1.07,0.87,-0.45,0.53,3.2,2.26,8.32,-0.74,1.5,3.89,3.31,2.79,-0.27,-0.29,-0.23,1.35,1.46,0.77,1.2,3.23,14.2,17.345454545454544,20.490909090909092,23.636363636363637
MLI,678.0,Mali,Inflation,Headline Consumer Price Inflation,14.32,21.05,7.35,18.72,11.18,5.82,8.0,22.13,30.78,-0.93,20.25,12.72,3.85,10.5,10.71,9.08,-1.39,-14.94,8.95,-0.16,1.61,1.51,-5.91,-0.57,24.29,11.64,6.45,-0.67,4.07,-1.16,-0.76,5.17,4.87,-1.16,-3.11,6.41,1.52,1.46,9.12,2.22,1.29,3.05,5.32,-0.6,0.89,1.44,-1.8,1.76,1.73,-2.89,0.44,3.93,9.99,7.266060606060606,4.542121212121212,1.8181818181818181
MLT,181.0,Malta,Inflation,Headline Consumer Price Inflation,3.72,2.32,3.37,7.69,7.26,8.79,0.55,10.04,4.71,7.15,2.69,11.61,5.82,-0.93,-0.44,-0.24,2.03,0.42,0.95,0.87,2.97,2.55,1.85,4.03,4.13,3.97,1.96,3.92,3.69,2.29,3.04,2.51,2.61,1.93,2.79,3.0,2.77,1.25,4.26,2.09,1.52,2.72,2.42,1.38,0.31,1.1,0.64,1.26,1.16,1.52,0.64,1.5,6.15,4.706060606060606,3.262121212121212,1.8181818181818181
MMR,518.0,Myanmar,Inflation,Headline Consumer Price Inflation,-4.01,2.09,7.64,25.2,25.21,31.66,22.38,-1.16,-6.04,5.67,0.61,0.32,5.3,5.65,4.85,6.81,9.33,24.76,16.04,27.2,17.63,32.27,21.91,31.83,24.1,25.19,16.28,29.7,49.14,10.9,-1.72,34.5,58.1,24.95,3.76,10.74,26.33,30.93,11.54,2.25,8.22,2.77,2.83,5.72,5.11,10.04,6.76,4.62,6.0,8.63,6.11,5.03,16.75,11.772727272727273,6.795454545454545,1.8181818181818181
MOZ,688.0,Mozambique,Inflation,Headline Consumer Price Inflation,4.7,15.7,7.1,5.4,21.7,3.3,4.5,2.0,2.0,2.0,2.0,4.2,17.69,28.2,30.04,30.78,40.49,164.12,58.51,42.08,43.72,33.26,45.08,42.26,63.12,47.67,48.49,7.36,1.49,2.87,12.71,9.06,16.77,13.45,12.63,6.43,13.24,8.16,14.5,3.75,12.47,11.15,2.6,4.27,2.56,3.55,17.45,15.11,3.92,2.79,3.63,5.69,10.28,7.459393939393939,4.638787878787879,1.8181818181818181
MRT,682.0,Mauritania,Inflation,Headline Consumer Price Inflation,10.31,7.19,4.97,18.55,14.62,16.58,6.58,5.78,2.42,12.43,5.91,6.9,9.76,6.08,13.51,10.32,7.43,8.15,1.32,12.93,6.6,5.63,10.14,9.37,4.13,6.54,4.68,4.63,8.03,4.07,3.25,4.72,3.9,5.15,10.37,12.13,6.24,7.25,7.45,2.14,6.26,5.69,4.9,4.13,3.77,0.49,1.47,2.27,3.07,2.31,2.39,3.77,7.1,5.339393939393939,3.5787878787878786,1.8181818181818181
MUS,684.0,Mauritius,Inflation,Headline Consumer Price Inflation,1.54,0.6,5.36,14.41,28.4,15.0,12.88,9.63,7.84,14.16,42.37,14.42,11.59,5.5,7.44,6.61,1.5,0.54,9.3,12.63,13.4,7.09,4.68,10.61,7.3,5.96,6.62,6.79,6.82,6.87,4.25,5.4,6.45,3.88,4.7,4.94,8.93,8.86,9.67,2.56,2.97,6.53,3.83,3.54,3.19,1.32,0.95,3.68,3.21,0.45,2.58,4.03,10.77,7.786060606060605,4.802121212121212,1.8181818181818181
MWI,676.0,Malawi,Inflation,Headline Consumer Price Inflation,9.53,8.2,3.6,5.08,15.51,15.54,4.34,4.07,10.75,13.07,19.19,12.0,9.52,13.77,19.75,10.64,14.18,25.05,33.84,12.45,11.86,8.23,23.24,22.77,34.66,83.15,37.73,9.14,29.78,44.76,29.6,7.64,7.71,7.83,7.98,8.16,8.34,8.52,8.72,8.42,7.41,7.62,21.3,28.28,23.77,21.86,21.73,11.54,9.22,9.38,8.63,9.34,18.45,12.906060606060606,7.362121212121211,1.8181818181818181
MYS,548.0,Malaysia,Inflation,Headline Consumer Price Inflation,1.84,1.61,3.23,10.56,17.33,4.49,2.63,4.79,4.86,3.65,6.72,9.7,5.83,3.7,3.9,2.59,0.35,0.74,0.29,2.56,3.04,4.33,4.78,3.55,3.69,3.47,3.48,2.65,5.29,2.73,1.55,1.43,1.79,1.07,1.42,3.04,3.62,2.03,5.43,0.6,1.72,3.17,1.66,2.11,3.14,2.1,2.08,3.8,0.97,0.66,-1.14,2.48,3.38,2.8593939393939394,2.338787878787879,1.8181818181818181
NAM,728.0,Namibia,Inflation,Headline Consumer Price Inflation,5.59,6.53,9.5,11.6,13.52,11.24,11.13,10.19,13.08,13.78,13.84,14.76,15.54,12.0,9.1,11.94,13.38,12.62,12.53,15.46,12.02,13.51,21.55,9.33,12.06,11.12,8.7,9.68,6.62,9.38,10.22,10.21,12.72,7.21,4.14,2.27,4.96,6.57,9.08,9.43,4.9,5.01,6.7,5.63,5.34,3.41,6.68,6.15,4.28,3.72,2.21,3.62,6.08,4.659393939393939,3.2387878787878788,1.8181818181818181
NER,692.0,Niger,Inflation,Headline Consumer Price Inflation,1.12,4.19,9.75,11.78,3.4,9.12,23.53,23.25,10.09,7.27,7.32,24.3,10.4,1.62,8.41,-1.07,-3.24,-6.64,0.6,-0.82,-2.03,1.5,-5.91,-0.33,35.53,10.86,5.34,2.93,4.55,-2.28,2.92,3.9,2.67,-1.89,0.57,7.82,0.05,0.06,11.29,4.3,-2.79,2.94,0.47,2.29,-0.94,1.01,0.18,0.2,3.01,-2.52,2.76,3.84,4.23,3.4260606060606063,2.622121212121212,1.8181818181818181
NGA,694.0,Nigeria,Inflation,Headline Consumer Price Inflation,13.76,0.0,0.0,1.67,0.0,88.52,47.39,5.6,28.21,4.58,12.29,24.3,7.61,17.89,37.65,5.98,7.34,11.34,31.58,51.28,7.83,12.26,43.49,58.1,56.86,72.87,29.39,10.72,7.87,6.6,6.89,18.84,12.89,14.01,15.06,17.82,8.28,5.42,11.57,12.57,13.74,10.81,12.2,8.48,8.04,9.01,15.69,16.5,12.1,11.4,13.25,16.95,18.85,13.172727272727272,7.495454545454544,1.8181818181818181
NIC,278.0,Nicaragua,Inflation,Headline Consumer Price Inflation,26.67,27.37,26.86,27.04,13.32,7.52,2.81,11.4,4.56,48.18,35.13,23.8,28.5,33.6,141.3,571.4,885.2,13109.5,4775.2,7428.7,3004.1,116.6,21.9,13.5,3.7,11.12,11.65,9.19,13.05,11.21,11.55,7.36,3.75,5.3,8.47,9.6,9.14,11.13,19.83,3.69,5.45,8.08,7.19,7.14,6.04,3.99,3.52,3.85,4.94,5.38,3.68,4.93,10.47,7.586060606060606,4.702121212121212,1.8181818181818181
NLD,138.0,Netherlands,Inflation,Headline Consumer Price Inflation,3.68,7.48,7.8,8.02,9.59,10.22,8.83,6.4,4.11,4.2,6.51,6.74,5.91,2.74,3.3,2.26,0.08,-0.69,0.74,1.08,2.45,3.16,3.18,2.58,2.8,1.92,2.11,2.11,1.96,2.16,2.36,4.16,3.29,2.09,1.26,1.69,1.1,1.61,2.49,1.19,1.28,2.34,2.46,2.51,0.98,0.6,0.32,1.3,1.7,2.67,1.27,2.68,10.0,7.272727272727273,4.545454545454546,1.8181818181818181
NOR,142.0,Norway,Inflation,Headline Consumer Price Inflation,10.57,6.22,7.26,7.42,9.41,11.69,9.16,9.1,8.16,4.51,10.88,13.64,11.34,8.47,6.22,5.71,7.18,8.72,6.68,4.55,4.13,3.44,2.33,2.29,1.38,2.46,1.26,2.57,2.25,2.37,3.09,3.0,1.29,2.49,0.45,1.53,2.33,0.71,3.75,2.2,2.42,1.28,0.7,2.12,2.04,2.17,3.55,1.88,2.76,2.17,1.29,3.48,5.8,4.472727272727273,3.1454545454545455,1.8181818181818181
NPL,558.0,Nepal,Inflation,Headline Consumer Price Inflation,15.24,-2.0,8.39,11.43,19.81,7.59,-3.11,9.9,7.35,3.57,9.8,13.45,10.38,14.2,6.21,4.13,15.85,13.28,11.02,8.08,8.93,7.94,21.06,8.87,8.95,7.68,7.18,8.1,8.33,11.38,3.39,2.43,2.9,4.74,3.96,4.54,7.96,6.2,6.68,12.62,9.56,9.57,8.31,9.87,9.04,7.21,9.93,4.45,4.15,4.64,5.05,3.6,6.26,4.779393939393939,3.298787878787879,1.8181818181818181
NZL,196.0,New Zealand,Inflation,Headline Consumer Price Inflation,6.71,10.39,6.93,8.17,11.11,14.68,16.91,14.38,11.96,13.7,17.15,15.37,16.16,7.34,6.17,15.42,13.21,15.74,6.38,5.72,6.1,2.6,1.01,1.29,1.75,3.75,2.29,1.19,1.27,-0.11,2.62,2.63,2.68,1.75,2.29,3.04,3.37,2.38,3.96,2.12,2.3,4.03,1.06,1.13,1.23,0.29,0.65,1.85,1.6,1.62,1.71,3.94,6.28,4.792727272727273,3.3054545454545456,1.8181818181818181
OMN,449.0,Oman,Inflation,Headline Consumer Price Inflation,6.44,6.44,6.44,6.44,6.44,6.44,6.44,6.44,6.4,9.28,10.01,6.4,2.54,-2.07,-7.36,-3.97,7.64,2.56,1.59,1.56,10.01,4.6,0.96,1.14,-0.65,-1.13,0.5,-0.36,0.43,0.51,-1.2,-0.84,-0.28,0.22,0.61,1.94,3.51,5.81,12.41,3.47,3.26,4.04,2.94,1.05,1.03,0.07,1.11,1.6,0.88,0.13,-0.9,1.55,2.81,2.4793939393939395,2.148787878787879,1.8181818181818181
PAK,564.0,Pakistan,Inflation,Headline Consumer Price Inflation,5.35,4.73,5.18,23.07,26.66,20.9,7.16,10.13,5.63,8.58,12.06,11.63,5.93,7.43,7.15,7.08,2.26,4.35,8.85,7.86,9.07,11.72,9.93,9.97,12.38,12.33,10.36,11.36,6.22,4.16,4.35,3.58,3.7,2.87,7.44,9.06,7.92,7.6,19.75,12.16,12.93,11.92,9.68,7.69,7.2,2.55,3.75,4.15,5.07,6.74,9.74,9.5,19.87,13.852727272727272,7.835454545454544,1.8181818181818181
PAN,283.0,Panama,Inflation,Headline Consumer Price Inflation,3.08,1.92,5.41,6.86,16.27,5.88,3.95,4.59,4.2,7.99,13.81,7.3,4.25,2.1,1.58,1.03,-0.07,1.0,0.36,0.12,0.75,1.27,1.8,0.47,1.24,1.04,1.22,1.25,0.63,1.28,1.49,0.33,1.22,1.43,0.18,2.87,2.43,4.18,8.72,2.42,3.53,5.84,5.69,4.05,2.63,0.13,0.76,0.88,0.77,-0.35,-1.55,1.63,2.86,2.5127272727272727,2.1654545454545455,1.8181818181818181
PER,293.0,Peru,Inflation,Headline Consumer Price Inflation,5.03,6.79,7.22,9.49,16.89,23.62,33.48,38.05,57.85,66.69,59.15,75.43,64.46,111.15,110.21,163.4,77.92,75.0,576.19,3407.75,7356.82,424.59,74.07,48.53,23.75,11.03,11.49,8.54,7.25,3.47,3.76,1.98,0.2,2.26,3.66,1.61,2.0,1.78,5.79,2.93,1.53,3.37,3.66,2.81,3.25,3.55,3.59,2.8,1.32,2.14,1.83,4.27,7.88,5.859393939393939,3.838787878787879,1.8181818181818181
PHL,566.0,Philippines,Inflation,Headline Consumer Price Inflation,14.38,20.61,13.98,15.59,31.36,4.63,9.57,9.86,7.15,17.6,17.42,10.96,10.25,9.62,49.78,22.5,1.14,4.07,13.85,12.23,12.17,19.25,8.65,6.72,10.36,6.83,7.47,5.58,9.24,5.95,3.98,6.78,3.0,3.48,5.98,7.69,6.52,2.96,8.17,4.21,3.79,4.72,3.17,2.95,4.17,1.4,1.81,2.85,5.26,2.48,2.64,3.93,5.82,4.486060606060606,3.1521212121212123,1.8181818181818181
PNG,853.0,Papua New Guinea,Inflation,Headline Consumer Price Inflation,0.65,3.58,6.44,8.41,23.17,10.49,7.66,4.53,5.8,5.77,12.06,8.05,5.53,7.9,7.42,3.71,5.45,3.34,5.45,4.48,6.95,6.97,4.31,4.98,2.85,17.28,11.63,3.94,13.59,14.93,15.6,9.3,11.8,14.71,2.16,1.78,2.37,0.91,10.77,6.91,5.1,4.44,4.54,4.96,5.22,6.0,6.69,5.43,4.73,3.68,3.37,4.49,6.6,5.006060606060606,3.412121212121212,1.8181818181818181
POL,964.0,Poland,Inflation,Headline Consumer Price Inflation,5.66,5.18,4.61,7.66,13.04,10.97,8.2,8.35,7.15,8.96,9.4,21.21,100.83,22.12,75.65,15.11,17.79,25.23,60.2,581.48,567.88,76.77,46.1,36.96,32.99,27.95,19.79,14.91,11.6,7.15,9.9,5.41,1.91,0.68,3.38,2.18,1.28,2.46,4.16,3.8,2.58,4.24,3.56,0.99,0.05,-0.87,-0.66,1.98,1.81,2.31,3.37,5.1,14.3,10.13939393939394,5.9787878787878785,1.8181818181818181
PRI,359.0,Puerto Rico,Inflation,Headline Consumer Price Inflation,,,,,,,,,,,,9.47,3.24,0.34,1.73,0.21,-0.24,2.08,2.58,2.83,4.37,2.24,1.49,0.97,1.44,1.91,3.31,1.89,0.06,0.67,3.08,0.58,0.19,1.39,2.54,5.61,5.18,4.23,5.21,0.28,2.47,2.9,1.35,1.06,0.57,-0.75,-0.29,1.75,1.27,0.1,-1.3,2.41,4.39,10.19939393939394,16.008787878787878,21.818181818181817
PRT,182.0,Portugal,Inflation,Headline Consumer Price Inflation,4.53,11.95,10.66,12.97,25.08,15.27,21.14,31.02,21.04,21.9,15.87,19.04,21.68,24.0,28.38,19.46,12.33,9.63,10.1,12.69,13.63,11.85,9.56,6.78,5.42,4.22,3.07,2.34,2.57,2.34,2.85,4.37,3.6,3.22,2.37,2.28,3.11,2.45,2.59,-0.84,1.4,3.65,2.77,0.27,-0.28,0.49,0.61,1.56,0.99,0.3,-0.01,1.27,7.8,5.806060606060606,3.812121212121212,1.8181818181818181
PRY,288.0,Paraguay,Inflation,Headline Consumer Price Inflation,-0.86,0.0,12.5,12.96,27.87,6.41,1.2,11.9,9.57,30.1,23.88,13.86,5.29,14.07,19.82,25.37,31.38,21.65,23.49,26.15,38.16,23.96,15.27,18.44,20.35,13.56,9.62,6.99,11.6,6.7,9.03,7.26,10.49,14.22,4.29,6.86,9.52,8.19,10.17,2.59,4.67,8.24,3.68,2.67,5.0,3.13,4.08,3.6,3.96,2.76,1.77,4.79,9.77,7.119393939393939,4.468787878787879,1.8181818181818181
QAT,453.0,Qatar,Inflation,Headline Consumer Price Inflation,20.03,20.03,20.03,20.03,20.03,20.03,20.03,20.03,10.03,6.01,6.84,8.46,5.7,2.7,1.14,1.13,1.9,4.49,4.82,3.3,3.01,4.38,3.09,-0.86,1.51,2.98,7.03,2.7,2.82,2.19,1.61,1.59,0.17,2.25,6.77,8.88,11.79,13.67,15.12,-4.88,-2.43,1.91,1.86,3.1,3.32,1.86,2.68,0.4,0.22,-0.55,-2.54,2.3,5.0,3.9393939393939394,2.878787878787879,1.8181818181818181
ROU,968.0,Romania,Inflation,Headline Consumer Price Inflation,0.4,0.6,0.0,0.7,1.09,0.2,0.5,0.6,2.0,1.86,1.52,2.2,16.93,4.69,-0.32,-0.2,0.7,1.1,2.6,0.9,127.9,161.12,209.24,256.83,136.43,32.18,38.87,154.76,59.01,45.86,45.63,34.43,22.51,15.38,11.86,9.0,6.6,4.84,7.85,5.58,6.12,5.79,3.34,3.99,1.07,-0.6,-1.55,1.34,4.64,3.83,2.63,5.05,13.8,9.806060606060607,5.8121212121212125,1.8181818181818181
RUS,922.0,Russian Federation,Inflation,Headline Consumer Price Inflation,0.1,-0.1,-0.2,0.0,-0.1,0.1,0.0,0.3,0.7,1.1,1.1,1.3,3.3,0.6,-0.9,0.4,1.9,1.5,1.6,1.8,5.6,92.7,1592.48,874.25,307.72,197.41,47.75,14.76,27.69,85.75,20.8,21.48,15.79,13.66,10.89,12.69,9.67,9.01,14.11,11.65,6.85,8.44,5.07,6.75,7.82,15.53,7.04,3.68,2.88,4.47,3.38,6.69,13.75,9.772727272727273,5.795454545454546,1.8181818181818181
RWA,714.0,Rwanda,Inflation,Headline Consumer Price Inflation,0.51,0.49,3.09,9.37,31.09,30.23,7.17,13.66,13.27,15.67,7.2,6.44,12.61,6.63,5.36,1.73,-1.1,4.15,2.91,1.04,4.2,19.6,9.5,12.47,21.0,55.97,13.19,11.76,6.46,-2.42,3.91,3.36,1.98,7.45,11.98,9.12,8.83,9.08,15.44,10.35,2.31,5.67,6.29,4.22,1.78,2.51,5.72,4.84,1.36,2.43,9.85,-0.39,17.7,12.406060606060606,7.112121212121211,1.8181818181818181
SAU,456.0,Saudi Arabia,Inflation,Headline Consumer Price Inflation,0.18,4.47,4.33,16.51,21.44,34.58,31.56,11.4,-1.58,1.08,4.4,3.59,1.0,0.16,-1.52,-3.07,-3.17,-1.56,0.93,0.92,2.07,4.94,-0.04,1.03,0.57,4.82,1.22,0.06,-0.37,-1.33,-1.12,-1.12,0.25,0.61,0.52,0.48,2.21,4.17,9.87,5.06,5.34,5.83,2.87,3.51,2.24,1.22,2.05,-0.85,2.47,-2.09,3.45,3.06,2.5,2.2727272727272725,2.0454545454545454,1.8181818181818181
SDN,732.0,Sudan,Inflation,Headline Consumer Price Inflation,4.03,1.3,13.55,15.29,26.16,23.96,1.67,17.08,19.23,31.14,26.53,24.02,26.61,30.57,33.66,45.63,60.0,26.51,62.86,65.34,-0.87,123.58,117.62,101.31,115.48,68.38,86.76,47.17,24.62,17.17,7.12,1.93,22.23,6.49,9.66,8.51,7.2,14.75,14.3,11.26,12.98,18.1,35.56,36.52,36.91,16.91,17.75,32.35,63.29,50.99,17087.72,359.09,138.81,93.14606060606062,47.482121212121214,1.8181818181818181
SEN,722.0,Senegal,Inflation,Headline Consumer Price Inflation,2.81,3.88,6.15,11.29,16.6,31.65,1.08,11.34,3.42,9.65,8.84,5.78,17.38,11.71,11.74,13.04,6.12,-4.13,-1.82,0.45,0.32,-1.75,-0.01,-0.74,32.1,8.08,2.84,1.78,0.99,0.82,0.75,3.05,2.4,-0.05,0.51,1.71,2.11,5.86,6.34,-2.25,1.23,3.4,1.42,0.71,-1.08,0.13,0.84,1.32,0.46,1.02,2.55,2.18,9.69,7.066060606060606,4.442121212121212,1.8181818181818181
SGP,576.0,Singapore,Inflation,Headline Consumer Price Inflation,0.46,1.89,2.14,19.62,22.35,2.56,-1.9,3.18,4.07,4.01,8.56,8.2,3.92,1.03,2.6,0.48,-1.38,0.48,1.53,2.3,3.45,3.44,2.24,2.29,3.1,1.72,1.38,2.02,-0.27,0.02,1.35,1.01,-0.39,0.49,1.67,0.47,0.96,2.11,6.62,0.59,2.82,5.24,4.58,2.36,1.03,-0.52,-0.54,0.58,0.45,0.56,-0.18,2.3,6.02,4.619393939393939,3.2187878787878788,1.8181818181818181
SLB,813.0,Solomon Islands,Inflation,Headline Consumer Price Inflation,,,,,,,,,,,8.25,13.14,13.0,6.95,10.92,9.41,13.1,11.49,16.81,14.94,8.7,15.0,10.8,9.2,13.29,9.61,11.77,8.06,12.35,7.95,6.93,7.63,9.37,10.08,6.92,7.53,11.22,7.66,17.32,7.11,0.95,7.44,5.91,5.39,5.17,-0.56,0.5,0.48,2.66,1.83,2.96,-0.11,3.74,9.16,14.579999999999998,20.0
SLE,724.0,Sierra Leone,Inflation,Headline Consumer Price Inflation,6.4,-1.27,5.5,5.66,14.42,19.91,17.18,8.34,10.9,21.25,12.87,23.37,26.89,68.53,66.57,76.58,80.87,178.7,34.29,60.8,110.95,102.69,65.5,22.2,24.2,25.99,23.14,14.56,35.99,34.09,-0.92,2.57,0.12,3.99,12.92,13.7,10.53,16.97,8.2,7.47,7.89,6.1,6.59,5.52,4.64,6.69,10.88,18.22,16.03,14.8,13.45,11.87,25.91,17.87939393939394,9.848787878787878,1.8181818181818181
SLV,253.0,El Salvador,Inflation,Headline Consumer Price Inflation,2.82,0.32,1.61,6.4,16.93,19.02,7.04,11.86,13.14,14.73,17.37,14.8,11.76,13.33,11.48,22.36,31.94,24.86,19.74,17.63,23.98,14.41,11.23,18.51,10.6,10.04,9.79,4.49,2.55,0.51,2.27,3.74,1.87,2.12,4.45,4.69,4.03,4.59,7.26,0.54,1.18,5.12,1.73,0.76,1.14,-0.73,0.61,1.01,1.09,0.07,-0.37,3.47,7.2,5.406060606060606,3.6121212121212123,1.8181818181818181
STP,716.0,São Tomé and Principe,Inflation,Headline Consumer Price Inflation,4.32,5.65,5.53,9.97,18.43,29.7,10.9,7.39,10.33,5.48,0.22,11.48,0.4,7.0,3.2,0.1,13.9,25.0,44.28,42.89,42.25,46.48,33.7,25.5,51.16,36.8,42.05,69.05,42.1,11.01,11.01,9.22,10.13,9.79,13.28,17.15,23.08,18.55,31.99,16.96,13.34,14.32,10.64,8.11,6.99,5.26,5.43,5.69,7.87,8.36,7.87,8.14,15.05,10.63939393939394,6.2287878787878785,1.8181818181818181
SUR,366.0,Suriname,Inflation,Headline Consumer Price Inflation,2.59,0.22,3.23,12.94,16.88,8.45,10.07,9.73,8.82,14.84,14.15,8.68,7.12,4.37,3.69,10.85,18.66,53.42,7.34,0.76,21.77,10.49,21.31,79.26,142.84,24.16,2.84,6.08,11.25,60.53,29.56,34.37,15.52,23.0,9.13,13.98,11.28,6.43,14.67,-0.3,6.95,17.68,5.01,1.92,3.38,6.9,55.5,22.02,6.94,4.39,49.77,59.11,54.26,36.77939393939394,19.298787878787877,1.8181818181818181
SVN,961.0,Slovenia,Inflation,Headline Consumer Price Inflation,,,,,,,,,,,,42.62,30.11,40.21,53.67,79.41,95.89,132.07,198.75,1281.44,552.08,114.83,209.93,31.76,20.99,13.46,9.86,8.36,7.89,6.16,8.91,8.38,7.48,5.54,3.59,2.45,2.46,3.66,5.65,0.84,1.8,1.8,2.6,1.77,0.2,-0.53,-0.05,1.43,1.74,1.63,-0.05,1.92,8.8,13.13939393939394,17.478787878787877,21.818181818181817
SWE,144.0,Sweden,Inflation,Headline Consumer Price Inflation,7.02,7.4,6.01,6.72,9.91,9.78,10.25,11.44,10.0,7.21,13.71,12.1,8.59,8.87,8.04,7.37,4.24,4.19,5.82,6.44,10.37,9.44,2.37,4.73,2.16,2.46,0.53,0.66,-0.27,0.46,0.9,2.41,2.16,1.93,0.37,0.45,1.36,2.21,3.44,-0.49,1.16,2.96,0.89,-0.04,-0.18,-0.05,0.98,1.87,1.95,1.64,0.5,2.16,8.4,6.206060606060607,4.012121212121213,1.8181818181818181
SWZ,734.0,Swaziland,Inflation,Headline Consumer Price Inflation,1.85,2.32,2.37,11.54,19.29,12.05,6.53,20.81,8.52,16.45,18.2,20.06,10.81,11.57,12.94,20.46,13.74,13.38,20.4,7.55,13.09,8.93,7.56,12.02,13.77,12.29,6.43,7.13,8.11,6.09,12.21,5.94,12.02,7.29,3.44,4.9,5.2,8.08,12.66,7.45,4.51,6.11,8.94,5.62,5.68,4.95,7.85,6.22,4.81,2.58,4.11,3.72,4.87,3.8527272727272726,2.8354545454545454,1.8181818181818181
SYC,718.0,Seychelles,Inflation,Headline Consumer Price Inflation,14.89,14.6,20.94,18.24,24.42,18.61,14.87,14.96,11.78,12.48,13.52,10.51,-0.85,6.58,1.18,0.58,2.4,2.24,0.48,3.32,3.95,2.03,2.02,-0.34,2.23,0.5,-2.06,1.8,2.7,6.3,6.3,6.0,0.2,3.3,3.9,0.65,-1.86,5.32,36.97,31.75,-2.4,2.56,7.11,4.34,1.39,4.04,-1.01,2.86,3.7,1.81,3.9,9.77,2.63,2.3593939393939394,2.088787878787879,1.8181818181818181
SYR,463.0,Syrian Arab Republic,Inflation,Headline Consumer Price Inflation,4.64,5.61,2.1,20.36,15.53,11.47,11.43,11.97,4.81,4.55,19.33,18.4,14.27,5.99,9.45,16.82,36.19,71.43,30.0,15.39,11.11,9.0,11.1,13.2,15.33,7.72,8.87,1.89,-0.95,-3.7,-3.9,3.4,-0.52,5.8,4.43,7.24,10.39,4.68,15.15,2.8,4.4,4.75,36.7,90.0,29.0,26.0,25.0,23.636363636363637,22.272727272727273,,,,,,,12.727272727272727
TCD,628.0,Chad,Inflation,Headline Consumer Price Inflation,8.53,6.23,2.93,5.43,11.28,15.66,3.29,8.41,9.9,8.19,8.64,8.13,6.43,7.88,20.3,5.07,-13.05,-2.73,14.9,-4.9,0.5,4.2,-3.8,-10.87,41.27,5.36,11.33,5.57,4.26,-8.45,3.82,12.43,5.19,-1.75,-4.8,3.33,8.07,-7.44,8.31,10.12,-2.11,1.86,7.7,0.23,1.67,6.76,-1.12,-0.9,4.27,-0.97,2.8,-0.77,5.11,4.012727272727273,2.9154545454545455,1.8181818181818181
TGO,742.0,Togo,Inflation,Headline Consumer Price Inflation,4.48,6.49,7.73,3.62,12.83,18.01,11.64,22.46,0.44,7.54,12.32,19.72,11.13,9.35,-3.53,-1.82,4.13,0.05,-0.15,-0.95,1.13,0.24,1.62,-0.09,35.26,15.8,4.6,5.31,0.98,-0.05,1.86,3.92,3.06,-0.93,0.39,6.78,2.23,0.95,8.69,3.71,1.45,3.56,2.58,1.83,0.19,1.78,0.86,-0.22,0.94,0.69,1.83,4.55,7.61,5.67939393939394,3.748787878787879,1.8181818181818181
THA,578.0,Thailand,Inflation,Headline Consumer Price Inflation,0.8,0.29,5.01,15.63,24.32,5.1,4.24,7.62,7.99,9.81,19.76,12.59,5.29,3.79,0.8,2.45,1.84,2.44,3.88,5.38,5.79,5.72,4.14,3.3,5.09,5.78,5.86,5.56,8.16,0.43,1.51,1.38,0.7,1.8,2.77,4.55,4.65,2.24,5.44,-0.84,3.27,3.8,3.01,2.19,1.89,-0.9,0.19,0.67,1.07,0.71,-0.85,1.23,6.08,4.659393939393939,3.2387878787878788,1.8181818181818181
TON,866.0,Tonga,Inflation,Headline Consumer Price Inflation,-1.2,2.1,6.5,20.8,14.6,10.1,7.1,17.5,9.6,5.46,-7.35,14.9,10.88,9.73,7.91,5.2,29.87,7.7,10.33,3.97,5.63,13.92,8.6,1.81,3.92,-0.48,2.67,1.9,3.27,4.46,6.33,8.29,10.36,11.64,10.97,8.67,6.15,5.84,10.45,1.43,3.54,6.27,1.15,2.11,1.17,-1.05,2.58,7.37,2.91,3.29,0.24,1.41,8.52,6.286060606060605,4.052121212121212,1.8181818181818181
TTO,369.0,Trinidad and Tobago,Inflation,Headline Consumer Price Inflation,2.52,3.53,9.3,14.81,22.02,16.98,10.69,11.74,10.26,14.72,17.47,14.33,11.64,15.18,13.34,7.62,7.69,10.75,7.76,11.43,11.06,3.8,6.49,10.76,8.85,5.3,3.23,3.69,5.63,3.37,3.57,5.6,4.12,3.78,3.76,6.84,8.31,7.86,12.07,7.06,10.53,5.08,9.29,5.15,5.69,4.66,3.09,1.88,1.03,1.0,0.6,2.06,5.03,3.95939393939394,2.888787878787879,1.8181818181818181
TUN,744.0,Tunisia,Inflation,Headline Consumer Price Inflation,1.1,5.84,2.21,4.4,4.3,9.15,5.59,5.43,5.52,8.39,8.78,9.54,14.19,9.36,8.67,7.4,6.13,8.37,7.28,7.76,6.39,8.24,5.8,3.94,4.8,6.2,3.79,3.64,3.1,2.69,2.96,1.94,2.76,2.75,3.61,2.02,4.11,3.42,4.92,3.59,4.29,3.22,4.62,5.32,4.63,4.45,3.61,5.31,7.27,6.72,5.63,5.71,8.31,6.1460606060606064,3.9821212121212124,1.8181818181818181
TUR,186.0,Turkey,Inflation,Headline Consumer Price Inflation,6.93,19.01,15.42,13.94,23.9,21.23,17.46,25.99,61.9,63.54,94.26,37.61,29.14,31.39,48.39,44.96,34.61,38.86,68.81,63.27,60.3,65.98,70.08,66.09,105.22,89.11,80.41,85.67,84.64,64.87,54.92,54.4,44.96,21.6,8.6,8.18,9.6,8.76,10.44,6.25,8.57,6.47,8.89,7.49,8.85,7.67,7.78,11.14,16.33,15.18,12.28,19.6,72.31,48.81272727272727,25.315454545454543,1.8181818181818181
TZA,738.0,Tanzania,Inflation,Headline Consumer Price Inflation,3.49,4.78,7.64,10.4,19.6,26.06,6.86,11.6,6.57,12.95,30.2,25.7,28.9,27.1,36.1,33.3,32.4,29.9,31.2,25.8,36.4,25.2,20.7,26.1,37.9,26.77,21.05,16.14,12.78,7.89,5.96,5.15,4.55,4.43,4.14,4.36,7.25,7.03,10.28,12.14,7.19,12.69,15.97,7.84,6.13,5.61,5.18,5.32,3.51,3.45,3.29,3.69,4.35,3.506060606060606,2.662121212121212,1.8181818181818181
UGA,746.0,Uganda,Inflation,Headline Consumer Price Inflation,9.8,15.8,-3.0,24.4,67.2,20.2,54.6,68.1,49.45,94.95,99.2,100.0,100.0,150.0,16.71,100.0,143.8,215.4,166.7,130.8,45.4,20.82,42.25,29.97,5.85,6.79,7.52,7.73,5.83,5.76,3.38,1.94,-0.3,8.72,3.67,8.61,7.22,6.09,12.03,13.01,4.0,18.66,14.03,5.47,4.3,3.69,5.17,5.63,2.62,2.87,3.79,2.21,7.2,5.406060606060606,3.6121212121212123,1.8181818181818181
UKR,926.0,Ukraine,Inflation,Headline Consumer Price Inflation,0.2,-0.2,-0.1,0.0,0.1,0.1,0.0,0.4,0.8,1.1,1.3,1.0,2.8,0.7,-0.9,0.3,1.5,1.5,-0.1,2.2,2.2,2.2,2.2,4660.58,861.05,376.02,77.82,15.62,10.66,22.83,28.26,11.91,0.72,5.22,9.03,13.53,9.09,12.89,25.2,15.86,9.33,7.95,0.59,-0.23,12.15,48.57,13.95,14.44,10.94,7.89,2.73,9.36,20.18,14.059393939393939,7.938787878787878,1.8181818181818181
URY,298.0,Uruguay,Inflation,Headline Consumer Price Inflation,16.31,23.95,76.48,97.0,77.21,81.41,50.62,58.2,44.55,66.84,63.47,34.05,18.99,49.2,55.31,72.22,76.38,61.13,63.07,80.89,112.18,102.09,68.47,54.1,44.75,42.26,28.33,19.83,10.8,5.66,4.76,4.37,13.96,19.4,9.16,4.7,6.39,8.11,7.88,7.06,6.7,8.1,8.1,8.58,8.88,8.67,9.63,6.22,7.61,7.88,9.76,7.75,9.11,6.67939393939394,4.248787878787879,1.8181818181818181
USA,111.0,United States,Inflation,Headline Consumer Price Inflation,5.9,4.29,3.27,6.18,11.05,9.14,5.74,6.5,7.63,11.25,13.55,10.33,6.13,3.21,4.3,3.55,1.9,3.66,4.08,4.83,5.4,4.23,3.03,2.95,2.61,2.81,2.93,2.34,1.55,2.19,3.38,2.83,1.59,2.27,2.68,3.39,3.23,2.85,3.84,-0.36,1.64,3.16,2.07,1.46,1.62,0.12,1.26,2.14,2.44,1.81,1.23,4.7,8.0,5.9393939393939394,3.878787878787879,1.8181818181818181
VCT,364.0,St. Vincent and the Grenadines,Inflation,Headline Consumer Price Inflation,6.8,6.5,2.6,16.3,35.5,14.2,11.3,10.19,8.43,15.61,17.21,12.74,7.23,5.46,2.7,2.08,1.15,2.87,0.44,2.64,7.25,-0.36,0.53,4.29,0.29,1.74,4.41,0.44,2.14,1.03,0.2,1.36,0.75,0.13,2.85,3.44,3.02,6.99,10.12,0.37,0.75,3.19,2.6,0.81,0.19,-1.73,-0.16,2.15,1.24,0.91,-0.61,1.56,5.83,4.492727272727273,3.1554545454545457,1.8181818181818181
VEN,299.0,"Venezuela, RB",Inflation,Headline Consumer Price Inflation,2.49,3.24,2.81,4.11,8.28,10.3,7.58,7.76,7.18,12.32,21.59,16.0,9.67,6.32,11.57,11.39,11.55,28.12,29.49,84.36,40.72,34.2,31.41,38.12,60.8,59.96,99.82,50.1,35.78,23.58,16.21,12.53,22.43,31.09,21.75,15.95,13.65,18.7,30.37,27.07,28.17,26.08,21.06,40.59,62.14,121.4,254.39,438.12,65374.08,19906.02,2355.15,1588.51,220.84,147.83272727272725,74.82545454545453,1.8181818181818181
VNM,582.0,Vietnam,Inflation,Headline Consumer Price Inflation,36.8,18.2,25.3,44.4,55.0,4.98,4.98,4.98,4.07,4.04,25.16,69.6,95.4,49.49,64.9,91.6,453.54,360.36,374.35,95.77,36.03,81.82,37.71,8.38,9.49,16.93,5.59,3.1,8.11,4.11,-1.77,-0.31,4.08,3.23,7.76,8.28,7.4,8.31,23.11,6.73,9.2,18.67,9.07,6.58,4.09,0.64,2.68,3.52,3.54,2.8,3.22,1.83,3.16,2.712727272727273,2.2654545454545456,1.8181818181818181
VUT,846.0,Vanuatu,Inflation,Headline Consumer Price Inflation,1.5,6.5,8.8,6.4,29.1,3.7,0.29,4.73,6.69,3.39,11.24,26.85,6.67,1.65,5.52,1.07,4.77,16.04,8.76,7.75,4.76,6.47,4.06,3.57,2.3,2.23,0.93,2.81,2.33,3.23,2.53,3.58,1.96,3.02,1.42,1.2,2.04,3.93,4.84,4.3,2.76,0.87,1.35,1.46,0.8,2.48,0.84,3.09,2.31,2.75,2.92,2.34,4.58,3.6593939393939396,2.738787878787879,1.8181818181818181
WSM,862.0,Samoa,Inflation,Headline Consumer Price Inflation,2.74,4.77,7.51,11.76,24.99,8.79,4.9,14.61,2.06,11.12,33.05,20.51,18.3,16.46,11.86,9.09,2.68,11.16,3.19,12.25,8.48,-1.82,9.03,1.71,12.09,-2.93,5.42,6.9,5.4,0.37,-0.17,1.89,7.43,4.37,7.85,7.82,3.23,4.48,6.27,14.64,-0.2,2.88,6.19,-0.21,-1.24,1.92,0.13,1.3,4.2,2.19,-1.57,-3.01,8.75,6.4393939393939394,4.128787878787879,1.8181818181818181
YEM,474.0,"Yemen, Rep.",Inflation,Headline Consumer Price Inflation,5.0,5.7,4.5,16.4,23.7,12.0,3.7,5.2,2.9,13.8,10.0,3.8,9.5,10.7,1.5,5.1,0.8,2.8,0.0,18.0,36.0,44.91,51.2,61.75,71.28,63.89,38.78,4.64,11.54,7.91,10.96,11.92,12.24,10.83,12.49,9.87,10.85,7.91,18.98,3.67,11.17,19.54,9.89,10.97,8.1,39.4,5.0,30.4,27.6,10.0,26.18,45.7,43.85,29.839393939393943,15.828787878787882,1.8181818181818181
ZAF,199.0,South Africa,Inflation,Headline Consumer Price Inflation,4.06,5.96,6.43,9.43,11.72,13.43,11.02,11.15,11.14,13.29,13.66,15.25,14.64,12.3,11.53,16.29,18.65,16.16,12.78,14.73,14.32,15.33,13.87,9.72,8.94,8.68,7.35,8.6,6.88,5.18,5.34,5.7,9.49,5.68,-0.69,2.06,3.24,6.18,10.06,7.26,4.06,5.02,5.72,5.78,6.14,4.51,6.59,5.27,4.5,4.13,3.22,4.61,7.0,5.2727272727272725,3.5454545454545454,1.8181818181818181
ZMB,754.0,Zambia,Inflation,Headline Consumer Price Inflation,2.6,6.04,5.06,6.46,8.1,10.13,18.8,19.78,16.37,9.66,11.73,14.0,12.49,19.69,20.02,37.43,54.8,47.03,54.04,128.29,89.86,103.2,160.6,182.73,53.93,34.84,43.27,24.34,24.62,26.75,26.07,21.24,22.3,21.31,17.96,18.3,9.06,10.64,12.44,13.38,8.5,6.44,6.59,6.99,7.82,10.11,17.86,6.58,7.49,9.8,15.73,22.02,10.99,7.9327272727272735,4.875454545454546,1.8181818181818181
ZWE,698.0,Zimbabwe,Inflation,Headline Consumer Price Inflation,2.09,3.02,2.85,3.11,6.6,10.01,10.95,10.3,5.66,18.15,5.4,5.56,0.59,-8.45,-1.86,-16.01,10.67,12.78,-1.06,-3.85,1.35,-13.14,-3.0,0.38,-2.76,15.23,6.01,-0.96,-28.02,-13.43,4.47,-37.2,-34.44,-8.56,113.57,-31.52,32.97,-72.73,156.96,6.22,3.05,3.47,3.72,1.63,-0.21,-2.41,-1.57,0.91,10.61,255.29,557.21,98.55,284.94,190.5660606060606,96.19212121212121,1.8181818181818181
ARG,213.0,Argentina,Inflation,Energy Consumer Price Inflation,,25.9,6.7,39.9,9.4,24.5,510.7,337.6,164.5,148.9,121.4,147.4,109.5,346.7,377.1,1125.8,68.9,127.3,376.9,1644.7,2861.9,178.0,24.4,18.9,-4.1,6.8,3.6,1.0,-0.1,0.2,0.0,-1.3,4.4,9.5,0.8,4.2,-2.3,2.288333333333333,6.876666666666666,,,,,,,,,,52.76,49.28,19.95,26.23,45.89,39.07818181818182,32.266363636363636,25.454545454545453
AUS,193.0,Australia,Inflation,Energy Consumer Price Inflation,-0.2,2.5,3.6,2.8,15.23,19.13,16.06,11.41,7.43,6.67,8.72,10.59,11.52,8.17,7.47,7.81,8.11,7.26,9.29,14.27,10.47,-1.21,-6.06,-1.21,0.68,10.09,0.53,-8.18,-2.26,3.26,6.76,4.85,3.25,4.29,4.01,3.82,3.34,4.08,6.24,5.43,5.49,4.43,3.94,4.67,3.04,2.54,1.68,2.89,2.35,-1.21,-0.12,10.93,16.93,11.892727272727273,6.8554545454545455,1.8181818181818181
AUT,122.0,Austria,Inflation,Energy Consumer Price Inflation,6.8,6.7,4.0,5.9,15.4,15.4,5.8,2.93,2.4,6.7,19.7,19.7,7.4,-1.4,7.5,4.0,-7.2,-5.3,-2.2,-0.9,2.8,2.0,0.3,0.7,0.3,1.0,5.3,3.2,1.64,1.31,3.1,3.12,0.85,1.34,3.56,5.43,4.28,4.63,2.71,1.82,2.58,3.31,3.23,2.39,1.59,1.19,0.83,1.73,2.28,0.9,2.4,12.25,40.14,27.366060606060607,14.592121212121214,1.8181818181818181
BEL,124.0,Belgium,Inflation,Energy Consumer Price Inflation,4.9,4.9,1.8,2.3,30.0,15.5,4.3,4.5,7.22,5.99,7.58,10.21,8.13,8.99,7.29,4.94,3.75,4.27,3.65,3.71,3.21,3.01,5.88,5.27,4.55,2.88,2.48,1.69,1.16,1.73,5.57,2.82,0.59,1.08,3.14,5.32,4.67,1.48,11.58,-3.91,3.39,8.06,3.73,-0.61,-1.41,0.4,2.14,3.74,3.04,0.87,-1.82,12.33,54.95,37.23939393939394,19.52878787878788,1.8181818181818181
BFA,748.0,Burkina Faso,Inflation,Energy Consumer Price Inflation,0.0,0.0,0.0,0.0,0.0,4.4,8.5,9.0,0.0,55.0,24.7,2.7,1.25,-0.2,-6.0,11.8,2.6,-12.8,2.1,3.2,-1.7,-0.1,1.2,-7.6,9.4,6.8,0.3,5.5,0.22,2.19,0.65,-0.84,5.78,4.9,0.83,0.21,4.7,-1.33,12.06,10.73,2.96,3.82,4.11,2.79,2.84,3.05,0.66,-0.35,-0.72,1.4,-1.48,1.99,3.31,3.418787878787879,3.5275757575757574,3.6363636363636362
BGD,513.0,Bangladesh,Inflation,Energy Consumer Price Inflation,61.0,8.4,46.0,33.6,43.5,18.7,8.0,3.0,2.1,20.9,22.3,38.0,22.1,10.3,3.1,10.3,2.7,1.7,9.1,6.5,20.8,31.0,2.7,1.6,-0.7,-3.6,3.8,1.7,1.8663636363636362,2.0327272727272727,,,,,,,,,3.53,3.19,4.62,3.83,11.19,5.09,6.24,3.31,9.19,4.24,2.02,5.13,6.66,1.08,4.28,9.52,14.759999999999998,20.0
BOL,218.0,Bolivia,Inflation,Energy Consumer Price Inflation,0.0,0.0,1.9,7.9,14.9,31.8,7.4,10.0,0.0,3.5,73.9,91.9,86.9,230.3,1312.6,21271.6,317.7,18.8,33.4,29.3,18.3,35.5,6.4,12.6,9.4,7.9,16.0,6.9,8.5,9.3,13.8,4.4,4.4,4.9,4.0,3.6,2.57,3.8,5.38,2.5,2.58,5.45,5.01,4.39,5.82,5.01,3.66,4.8,2.59,0.48,-0.21,0.23,0.7,1.0727272727272728,1.4454545454545453,1.8181818181818181
CAF,626.0,Central African Republic,Inflation,Energy Consumer Price Inflation,4.0,7.7,5.3,0.0,7.1,22.5,5.6,3.4,4.3,7.2,5.3,13.4,-8.7,26.1,2.9,27.3,25.9,-9.5,-10.7,0.3,-6.8,-1.5,-3.4,-0.4,8.5,2.7,1.2,5.1,7.6,-0.9,6.1,2.2,1.9,-0.8,-4.4,-2.0,8.2,0.0,6.3,5.181666666666667,4.063333333333333,,,,-0.41,-6.95,-2.97,-1.7540000000000002,-0.5380000000000003,,,3.11,0.0,6.060606060606061,12.121212121212123,18.181818181818183
CAN,156.0,Canada,Inflation,Energy Consumer Price Inflation,3.42,5.8,3.8,9.9,13.5,13.2,18.2,15.0,12.4,9.2,12.8,24.3,18.1,9.5,5.4,5.4,-2.2,0.4,2.6,1.4,5.3,11.7,4.7,4.0,2.3,-1.0,1.7,2.9,0.4,2.7,10.3,8.9,-2.6,9.0,3.2,6.5,5.1,2.3,7.0,-7.1,6.64,12.25,1.69,1.5,3.53,-9.57,1.43,1.56,6.7,-2.2,1.49,18.85,24.19,16.732727272727274,9.275454545454545,1.8181818181818181
CHE,146.0,Switzerland,Inflation,Energy Consumer Price Inflation,10.6,9.3,-1.6,16.9,21.6,0.5,3.2,-0.2,-5.7,35.3,6.4,9.6,1.3,-3.7,2.83,3.49,-1.93,1.42,1.68,4.6,8.38,8.9,5.68,4.65,0.25,1.69,1.85,0.78,-0.74,0.99,3.61,2.25,0.09,0.43,1.62,2.97,2.75,2.13,4.87,-1.15,2.44,2.4,0.83,0.12,1.04,-0.64,-0.06,1.21,1.35,-0.62,-0.2,8.58,22.99,15.93272727272727,8.875454545454543,1.8181818181818181
CHN,924.0,China,Inflation,Energy Consumer Price Inflation,,,,,,-0.1,-0.1,0.1,0.1,0.2,0.2,0.6,0.8,1.0,2.2,4.0,3.9,3.6,16.1,27.4,7.1,15.6,21.7,16.9,15.099999999999998,13.299999999999999,,,,,,2.5,-0.05,2.17,4.98,5.42,4.73,4.38,5.6,-3.5,4.35,5.48,2.1,2.88,2.1,0.65,1.27,2.63,2.26,1.3,-1.57,1.9,3.1,9.945454545454545,16.79090909090909,23.636363636363637
CIV,662.0,Côte d'Ivoire,Inflation,Energy Consumer Price Inflation,16.4,4.4,4.5,6.5,19.7,12.8,17.0,15.7,19.4,10.4,14.4,2.7,4.7,6.699999999999999,8.7,3.4,10.1,4.5,-5.1,-1.1,0.0,0.0,-0.2,0.7,0.7,0.7,0.7,0.7,1.08,3.98,1.63,3.48,3.79,6.49,1.61,8.54,1.7,-0.45,4.48,-1.14,2.4,1.87,1.98,2.07,1.65,1.47,0.21,1.29,2.14,0.01,2.91,4.0,5.57,5.531515151515151,5.493030303030303,5.454545454545454
COG,634.0,"Congo, Rep.",Inflation,Energy Consumer Price Inflation,,,,,,,,,,,,4.3,5.1,2.1,16.6,4.0,7.9,1.5,1.3,-8.9,0.4,4.4,-2.2,10.9,14.2,10.7,30.0,19.9,15.0,6.5,0.5,16.6,-2.2,-6.3,3.3,2.0,13.3,8.2,4.3,7.1,3.2,2.8,1.59,0.82,0.39,0.11,3.31,-0.89,-0.00666666666666671,0.8766666666666666,1.76,2.26,-0.02,8.47151515151515,16.9630303030303,25.454545454545453
CPV,624.0,Cabo Verde,Inflation,Energy Consumer Price Inflation,-2.6,0.0,0.9,15.8,46.2,31.6,0.8,2.7,4.6,,,,,,16.0,6.0,5.7,0.0,3.3666666666666667,6.733333333333333,10.1,11.8,0.2,5.1,4.3,-0.4,3.9,7.4,2.5,15.8,0.0,0.866,1.732,,,4.33,11.97,9.41,5.51,0.02,2.72,6.41,5.49,4.99,-0.24,-6.02,-8.26,1.65,2.38,0.3,-0.04,1.87,3.96,11.124848484848485,18.28969696969697,25.454545454545453
CRI,238.0,Costa Rica,Inflation,Energy Consumer Price Inflation,2.6,0.3,2.2,6.7,88.3,20.5,14.25,8.0,1.4,11.8,14.9,36.7,64.7,57.4,1.0,8.0,4.8,9.0,33.4,11.2,22.5,47.4,28.8,18.9,11.2,11.11,11.02,3.98,6.68,12.65,11.23,23.84,8.21,7.21,16.95,11.94,11.42,9.1,13.91,16.59,8.64,3.96,7.07,16.74,2.87,-2.16,1.15,1.23,4.34,-1.01,1.91,7.07,18.8,14.351515151515152,9.903030303030302,5.454545454545454
CYP,423.0,Cyprus,Inflation,Energy Consumer Price Inflation,-1.6,-0.2,0.4,0.7,32.4,11.8,4.6,5.6,6.6,13.7,37.2,31.2,5.1,5.4,13.7,3.5,-28.1,-10.2,-8.9,5.7,12.0,13.3,-8.1,2.3,5.1,7.9,2.5,6.4,-3.5,2.5,23.0,1.9,6.9,12.3,11.3,12.9,8.9,2.0,13.9,-15.7,19.6,18.1,14.1,-0.4,-3.2,-14.8,-9.5,8.4,7.8,-2.0,-9.5,14.3,33.21,23.95818181818182,14.706363636363637,5.454545454545454
DEU,134.0,Germany,Inflation,Energy Consumer Price Inflation,4.3,5.6,4.4,16.4,16.8,10.4,6.9,0.8,2.5,20.9,10.6,16.2,8.0,-0.9,3.4,3.7,-11.5,-9.3,-2.7,5.0,4.3,4.6,8.76,8.18,4.04,3.02,2.46,2.58,0.96,1.28,2.79,2.45,0.91,1.51,1.53,2.82,2.94,1.92,3.42,0.42,0.99,3.08,2.23,1.97,0.85,-0.41,0.0,1.24,1.75,1.32,0.7,10.71,35.93,24.559393939393942,13.188787878787881,1.8181818181818181
DMA,321.0,Dominica,Inflation,Energy Consumer Price Inflation,8.4,1.6,3.3,7.3,35.3,9.4,5.1,5.1,22.3,23.8,54.7,6.9,4.1,-1.2,-2.6,0.4,0.6,2.0,2.1,7.6,2.4,5.6,0.4,1.7,1.922222222222222,2.1444444444444444,,,,,,,3.7,11.4,7.6,12.8,6.9,5.4,10.0,-23.2,-9.73,-0.07,1.03,-2.19,0.7,-3.27,-0.39,1.35,0.47,2.83,-1.72,2.6239999999999997,6.967999999999999,,,20.0
DNK,128.0,Denmark,Inflation,Energy Consumer Price Inflation,11.4,13.6,0.6,14.3,57.8,6.9,8.0,9.3,10.2,39.2,42.5,29.0,13.2,0.3,-0.2,3.5,3.6,6.1,0.1,7.6,3.5,1.7,-1.1,-0.2,-0.4,-0.2,5.8,3.1,3.0,5.0,10.4,2.8,2.89,2.47,2.42,3.17,2.9,2.13,4.04,1.95,3.73,3.84,2.6,1.98,1.5,0.05,0.81,1.23,1.18,-0.29,0.26,11.54,42.62,29.019393939393936,15.418787878787878,1.8181818181818181
DOM,243.0,Dominican Republic,Inflation,Energy Consumer Price Inflation,-1.0,3.7,7.0,3.5,34.8,4.6,3.5,-0.6,1.3,1.8115384615384618,2.3230769230769233,,,,,,,,,,,7.95,14.27,14.12,8.93,17.29,8.52,8.2,4.95,5.5,8.53,6.74,12.96,36.82,25.26,9.79,11.82,3.6,5.44,8.03,10.72,13.79,1.98,2.78,2.94,-4.48,2.0,5.32,3.9,-2.25,2.2,6.47,11.07,15.258787878787878,19.447575757575756,23.636363636363637
ECU,248.0,Ecuador,Inflation,Energy Consumer Price Inflation,1.3,7.6,5.2,0.0,1.0,1.6,2.0,5.1,11.2,4.6,7.6,31.9,22.8,29.2,32.2,9.4,16.7,55.7,26.3,26.6,46.4,28.0,39.7,54.7,11.0,0.3,1.7,60.5,54.14,58.06,31.33,51.34,46.74,28.7,11.4,3.39,4.8,2.32,4.51,2.16,2.53,2.16,2.56,2.2,3.71,5.53,3.46,2.03,1.43,0.81,0.38,0.02,1.58,1.6593939393939394,1.7387878787878788,1.8181818181818181
EGY,469.0,"Egypt, Arab Rep.",Inflation,Energy Consumer Price Inflation,-0.3,-1.8,-5.0,-5.0,2.1,3.7,5.6,0.4,1.6,1.3,16.3,-4.2,-2.3,5.6,-2.4,21.3,9.4,2.9,9.3,4.8,25.7,50.0,52.6,20.1,7.5,3.2,1.9,4.2,0.0,3.6,7.2,0.6,0.0,0.0,1.3925,2.785,,5.57,6.98,5.09,1.95,3.29,6.4,4.63,3.59,7.43,5.07,9.76,14.4,9.59,4.03,5.769454545454545,7.508909090909091,,,12.727272727272727
ESP,184.0,Spain,Inflation,Energy Consumer Price Inflation,6.2,7.5,6.0,7.5,19.8,17.8,18.6,6.9,6.6,13.8,46.2,32.5,10.7,16.1,10.7,4.8,-6.6,-3.9,-0.6,2.5,8.2,7.6,6.7,5.8,4.81,5.64,3.83,3.44,1.47,2.13,4.42,3.38,2.27,2.89,3.5,5.32,6.52,3.66,6.64,1.29,3.53,7.23,5.06,0.91,1.34,-2.1,-4.24,3.93,2.37,-1.24,-3.54,21.24,32.78,22.45939393939394,12.138787878787877,1.8181818181818181
ETH,644.0,Ethiopia,Inflation,Energy Consumer Price Inflation,1.7,1.3,5.8,1.1,9.9,14.5,14.3,27.0,7.4,14.9,-1.5,15.3,3.6,-7.0,6.7,8.2,7.4,9.7,5.7,15.6,6.3,36.0,-0.2,-1.9,0.8,6.2,1.51,1.51,1.51,1.51,1.51,1.51,1.51,4.61,7.54,12.76,16.54,13.74,22.05,15.01,18.0,20.81,16.73,11.47,11.06,8.74,12.35,12.77,17.04,10.95,20.08,15.89,19.34,13.49939393939394,7.658787878787878,1.8181818181818181
FIN,172.0,Finland,Inflation,Energy Consumer Price Inflation,10.6,16.8,4.3,8.9,46.3,13.7,8.8,10.6,6.8,7.5,23.2,19.3,7.6,4.2,1.1,2.2,-8.6,2.9,-1.3,4.3,9.3,2.8,3.5,11.2,-2.1,0.9,8.1,3.4,-2.5,0.2,9.3,-0.1,1.9,10.7,2.8,5.4,6.5,3.8,17.5,-3.1,10.65,6.31,1.72,0.34,1.21,0.82,0.55,1.3,1.55,2.99,0.16,9.62,30.92,21.21939393939394,11.51878787878788,1.8181818181818181
FJI,819.0,Fiji,Inflation,Energy Consumer Price Inflation,3.1,5.2,3.6,0.5,21.4,14.4,10.8,6.7,8.2,8.9,41.2,18.8,4.8,0.7,1.0,0.7,-9.2,3.7,10.2,-0.1,10.7,11.8,-1.9,3.7,-0.7,0.2,4.7,4.1,3.1,-0.5,4.3,5.6,-2.9,2.7,8.3,14.3,6.6,-0.9,12.2,-5.3,5.2,20.87,1.64,0.75,0.15,-4.47,-5.03,1.99,2.07,-0.19,-1.17,3.01,5.35,4.172727272727273,2.9954545454545456,1.8181818181818181
FRA,132.0,France,Inflation,Energy Consumer Price Inflation,4.9,6.6,3.1,3.9,37.2,8.1,10.6,11.7,8.7,15.9,25.9,19.2,15.6,9.4,8.0,8.2,-12.7,-3.1,-1.0,4.8,4.6,4.66,3.33,3.14,2.2,2.11,2.85,1.42,0.62,0.15,1.92,1.09,1.64,2.7,2.79,4.75,4.66,2.97,4.74,-0.11,3.3,4.45,3.4,2.43,1.76,0.41,-0.11,1.6,2.38,1.74,-0.21,10.46,24.49,16.93272727272727,9.375454545454543,1.8181818181818181
GBR,112.0,United Kingdom,Inflation,Energy Consumer Price Inflation,5.7,10.4,7.8,2.8,26.4,33.2,23.7,15.8,7.7,10.1,25.0,21.3,14.0,7.4,2.9,8.6,-2.7,-0.1,2.5,7.33,10.92,8.11,5.68,2.8,3.33,3.15,4.03,2.98,2.28,2.83,2.12,2.61,2.4,1.61,2.12,3.29,4.67,3.41,4.7,2.18,-0.36,2.71,2.72,2.35,2.0,1.25,1.68,2.04,1.86,2.08,0.88,9.11,46.18,31.39272727272727,16.605454545454545,1.8181818181818181
GRC,174.0,Greece,Inflation,Energy Consumer Price Inflation,,,,,41.6,16.7,7.1,10.8,4.0,25.9,46.4,32.3,13.0,18.7,16.3,18.6,18.9,9.3,3.8,1.9,28.1,28.7,16.3,3.2,6.8,7.1,8.3,-9.5,-3.5,-8.1,6.18,1.69,3.32,4.43,4.79,8.88,6.49,3.06,8.61,-2.68,6.93,8.91,7.87,5.54,-2.29,-6.47,-3.18,2.17,0.07,-0.48,-3.77,12.31,42.89,31.623636363636365,20.35727272727273,9.090909090909092
HND,268.0,Honduras,Inflation,Energy Consumer Price Inflation,1.7,1.2,2.6,3.5,24.6,12.1,2.8,8.3,3.4,18.0,27.6,23.65714285714286,19.714285714285715,,,,,0.0,0.0,0.0,63.9,21.8,-0.9,11.6,17.5,37.0,37.4,28.2,-2.1,-9.1,8.66,8.66,14.86,12.91,9.88,8.09,6.55,5.9,9.23,6.86,8.99,8.35,5.19,5.28,4.92,2.23,2.1,5.53,4.37,6.55,0.41,3.3,4.81,7.449090909090909,10.088181818181818,12.727272727272727
HRV,960.0,Croatia,Inflation,Energy Consumer Price Inflation,,,,,,,,,,,,44.2,26.5,33.5,53.3,87.0,86.0,137.5,173.7,1173.1,475.5,110.8,551.3,1812.0,98.2,-1.7,3.1,5.2,2.4,2.7,16.5,10.1,2.2,3.0,5.0,7.0,4.2,0.8,8.0,-2.8,9.9,7.0,10.8,1.8,0.7,-5.9,-5.7,-0.1,5.6,0.9,-6.5,8.8,19.6,20.33939393939394,21.078787878787878,21.818181818181817
HUN,944.0,Hungary,Inflation,Energy Consumer Price Inflation,-1.8,-0.8,-2.1,-2.0,5.6,7.7,-0.9,-0.7,0.3,8.7,21.5,-0.2,10.0,4.9,4.9,20.9,3.5,6.5,12.8,11.4,27.6,81.0,43.2,20.3,11.7,50.0,32.5,29.9,17.9,9.4,9.1,10.3,5.5,7.3,14.1,6.2,6.4,24.6,9.37,7.64,5.51,4.61,5.78,-5.36,-8.41,-1.19,0.55,1.12,1.83,0.54,1.47,11.24,12.92,9.219393939393939,5.518787878787879,1.8181818181818181
IDN,536.0,Indonesia,Inflation,Energy Consumer Price Inflation,,,,,,,,,,,13.7,10.1,33.2,42.9,33.7,10.5,3.1,1.5,1.9,5.4,4.9,4.9,8.3,16.0,4.8,5.7,3.4,5.44,34.65,16.02,6.39,11.98,14.55,11.74,7.78,9.09,10.63,4.95,8.57,5.03,2.96,4.18,3.36,4.89,5.91,6.31,1.79,4.99,2.65,2.28,0.95,0.37,2.5,8.333333333333332,14.166666666666666,20.0
IND,534.0,India,Inflation,Energy Consumer Price Inflation,4.4,6.6,7.9,10.4,34.0,10.2,4.2,3.1,6.8,17.8,11.6,13.6,15.3,9.5,12.7,10.6,7.0,4.9,8.1,3.2,6.5,11.7,7.5,6.5,4.8,5.4,12.6,11.9,8.8,6.3,17.6,9.2,10.3,6.5,8.1,-1.8,3.1,4.64,4.52,13.7,26.6,4.49,9.19,8.08,6.14,4.79,5.25,5.69,7.56,4.79,3.51,3.8989090909090907,4.2878181818181815,,,5.454545454545454
IRL,178.0,Ireland,Inflation,Energy Consumer Price Inflation,9.0,11.7,10.0,7.2,50.9,16.4,17.4,13.83,-3.59,12.14,32.12,22.62,14.94,5.59,7.84,9.42,0.18,4.35,-1.18,5.66,9.59,4.13,4.57,-2.57,-3.0,3.33,0.72,1.9,0.74,-6.67,9.55,10.54,1.11,-0.67,4.26,10.42,16.03,20.34,9.67,-21.94,1.29,9.74,0.6,0.67,-0.03,1.6,-0.48,2.03,5.1,1.09,-1.03,12.29,41.7,28.406060606060606,15.112121212121213,1.8181818181818181
IRN,429.0,"Iran, Islamic Rep.",Inflation,Energy Consumer Price Inflation,-0.6,-0.6,2.4,2.6,5.2,4.3,1.8,8.3,4.0,6.2,4.0,14.5,11.8,10.0,3.9,3.8,18.1,24.0,5.2,-2.5,2.7,23.81,41.0,19.0,13.2,29.8,41.3,39.2,40.8,46.0,28.7,12.3,15.5,15.4,11.2,6.0,13.25,21.19,28.17,17.02,5.84,16.72,13.58,19.27,18.53,16.01,7.89,6.42,12.9,24.12,23.88,26.86,29.53,20.292727272727273,11.055454545454545,1.8181818181818181
IRQ,433.0,Iraq,Inflation,Energy Consumer Price Inflation,1.5,-8.7,1.0,-2.0,-5.6,0.7,11.7,4.4,-5.0,3.7249999999999996,12.45,,29.9,17.4,0.0,0.0,4.2,6.4,0.0,1.1,7.7,35.6,8.0,56.7,436.2,503.7,20.2,39.6,24.7,56.1,-10.3,-1.6,-0.6,-47.2,557.5,99.1,186.0,71.6,-21.4,-37.3,-29.435999999999996,-21.571999999999996,,,2.02,3.31,2.69,2.32,-1.14,-1.32,-0.04,1.88,4.78,8.035151515151515,11.290303030303031,14.545454545454545
ISL,176.0,Iceland,Inflation,Energy Consumer Price Inflation,18.3,6.6,0.5,19.1,53.6,59.4,23.5,21.3,36.0,57.6,40.4,49.3,76.1,126.0,41.0,17.0,4.5,12.3,24.5,15.1,14.7,8.6,4.1,8.3,2.1,-1.1,1.3,2.0,0.0,0.1,3.0,2.4,2.4,8.41,7.54,14.98,11.96,11.55,12.87,0.57,-0.5,6.16,5.16,3.9,5.83,6.01,6.64,11.92,6.48,2.76,2.4,7.38,17.53,12.292727272727273,7.0554545454545465,1.8181818181818181
ISR,436.0,Israel,Inflation,Energy Consumer Price Inflation,0.0,9.8,12.1,10.4,81.5,64.4,34.0,32.2,52.4,73.9,198.7,106.1,123.5,84.21,391.43,295.35,33.09,17.9,16.96,32.29,34.28,31.44,11.15,19.3,23.52,14.33,15.76,10.86,5.7,2.67,-2.07,3.74,11.59,-4.84,-2.78,-1.02,1.19,-2.17,3.29,12.53,5.02,5.87,3.71,2.98,2.49,2.31,2.19,1.77,2.07,-0.45,0.78,5.41,10.45,7.572727272727272,4.695454545454545,1.8181818181818181
ITA,136.0,Italy,Inflation,Energy Consumer Price Inflation,7.9,-4.7,1.7,10.6,51.4,9.6,11.0,19.1,4.6,12.4,26.1,21.5,14.4,24.8,10.6,6.4,-5.5,0.5,4.3,4.6,11.7,11.1,1.6,4.3,4.0,4.7,3.1,4.08,2.15,1.55,5.83,3.08,0.27,3.32,1.96,4.9,5.7,2.58,6.45,-0.12,1.21,5.18,7.03,2.08,0.02,-0.81,-1.64,1.76,2.56,0.48,-8.21,14.08,48.83,33.15939393939394,17.48878787878788,1.8181818181818181
JAM,343.0,Jamaica,Inflation,Energy Consumer Price Inflation,,6.9,8.7,12.4,36.7,15.1,8.3,8.1,39.0,45.6,40.4,10.5,8.3,15.6,30.2,28.9,10.9,3.9,7.0,7.8,25.1,65.2,77.1,12.2,24.2,14.2,46.0,9.3,6.8,6.0,7.9,16.43,6.39,15.61,19.03,20.42,13.34,9.04,28.68,2.81,20.67,12.24,5.85,8.29,6.47,-9.1,-1.38,11.1,6.31,1.3,2.14,5.31,8.18,6.665454545454545,5.15090909090909,3.6363636363636362
JOR,439.0,Jordan,Inflation,Energy Consumer Price Inflation,1.6,4.3,1.4,3.0,0.7,0.0,6.7,0.4,7.6,38.0,24.6,11.5,7.8,2.8,0.3,3.7,-2.9,-2.0,0.1,2.9,4.7,8.5,3.1,5.9,3.2,0.0,3.0,3.2,1.1,0.82,1.31,1.87,2.24,2.44,0.97,2.12,6.03,2.0,14.97,-2.94,4.59,3.86,3.43,6.83,4.75,0.57,1.16,2.8,3.53,1.55,-1.82,1.56,5.53,4.292727272727273,3.0554545454545456,1.8181818181818181
JPN,158.0,Japan,Inflation,Energy Consumer Price Inflation,2.0,8.97,9.42,11.64,14.09,10.38,9.93,9.31,7.94,5.67,6.15,4.45,3.57,3.17,2.22,2.52,2.49,2.85,2.1,2.93,3.11,3.12,3.08,2.66,2.28,1.98,1.45,1.44,0.58,-0.06,0.2,0.2,-0.12,-0.08,-0.22,-0.08,-0.02,-0.14,0.13,-0.18,-0.35,-0.22,-0.34,-0.4,0.02,0.04,-0.13,-0.16,-0.12,1.37,-0.39,3.96,17.31,12.146060606060605,6.982121212121212,1.8181818181818181
KEN,664.0,Kenya,Inflation,Energy Consumer Price Inflation,,,,5.7,11.3,12.4,12.4,5.3,4.4,20.6,15.9,26.4,39.6,14.8,2.4,3.9,2.0,10.6,14.7,27.1,6.9,14.7,6.9,45.6,8.3,15.6,11.4,6.7,2.6,2.6,21.1,15.1,-0.2,5.6,17.5,23.7,11.7,11.45,11.45,11.45,11.45,11.45,9.28,4.55,5.59,3.19,1.65,3.12,12.76,4.59,0.52,4.77,5.95,6.390909090909091,6.831818181818182,7.2727272727272725
KNA,361.0,St. Kitts and Nevis,Inflation,Energy Consumer Price Inflation,12.1,-0.2,3.9,5.3,61.2,5.8,14.8,11.4,11.4,14.9,29.3,6.0,4.0,3.8,3.0,1.1,-1.4,-3.1,0.4,0.8,10.7,10.7,10.7,0.0,0.0,6.9,1.3,0.0,0.0,0.0,0.0,0.1,0.1,0.0,0.0,2.3,2.2,-0.7,1.0,-0.7,-2.1,2.12,0.24,-0.16,-0.04,-1.09,-0.45,0.1,-1.11,-0.52,-0.24,0.49,1.276590909090909,2.0631818181818184,,3.6363636363636362
KOR,542.0,"Korea, Rep.",Inflation,Energy Consumer Price Inflation,8.2,8.2,10.0,5.6,38.0,15.1,4.1,17.3,23.2,24.6,32.5,29.4,13.9,0.7,0.6,2.8,2.62,2.44,3.58,4.19,7.71,11.19,7.14,5.36,4.08,4.26,4.76,5.05,7.26,-3.03,3.69,5.97,2.75,4.25,3.24,1.89,2.86,2.24,4.36,1.13,2.38,4.51,4.59,3.53,2.86,-0.64,-0.81,1.7,0.7,-2.6,0.19,1.64,5.31,4.146060606060606,2.982121212121212,1.8181818181818181
KWT,443.0,Kuwait,Inflation,Energy Consumer Price Inflation,2.0,2.0,2.0,2.0,12.4,0.2,-4.9,4.9,2.8,1.1,2.1,1.0,5.4,2.2,-0.1,-0.3,0.4,-0.4,4.1,1.9,1.1,1.0,-0.2,0.2,-1.6,0.6,-2.5,1.2,0.6,4.9,7.1,0.2,0.0,-0.02,-0.04,,,-0.1,0.3,0.4,0.1,4.21,2.36,3.84,4.36,5.97,6.78,2.59,-1.14,-0.82,-0.2,0.46,2.26,4.536969696969697,6.813939393939394,9.090909090909092
LCA,362.0,St. Lucia,Inflation,Energy Consumer Price Inflation,5.2,1.6,3.7,4.1,62.3,7.1,14.4,8.4,10.8,29.2,52.6,7.9,2.6,-0.1,3.6,0.3,-11.9,-1.4,7.6,8.3,5.1,3.0,4.3,-0.5,-0.9,1.3,4.4,1.8,-2.8,0.6,9.3,-1.3,-1.6,3.0,3.5,7.7,5.1,1.48,5.98,-4.58,6.31,2.25,1.26,-4.17,5.03,6.57,-3.23,7.0,9.14,-1.94,-4.7,6.83,15.45,10.906060606060606,6.362121212121211,1.8181818181818181
LKA,524.0,Sri Lanka,Inflation,Energy Consumer Price Inflation,8.9,3.5,3.6,12.7,34.4,7.3,11.9,-2.9,1.8,25.3,71.7,36.2,6.3,33.2,17.9,3.9,1.2,0.8,13.0,12.0,12.5,16.4,3.6,17.0,14.7,6.1,8.1,4.1,3.6,1.5,18.6,14.3,8.8,15.2,9.6,13.5,28.2,25.3,21.00714285714286,16.714285714285715,,,,,-4.75,4.18,0.12,0.86,1.28,8.01,0.82,1.12,17.45,15.875757575757575,14.30151515151515,12.727272727272727
LSO,666.0,Lesotho,Inflation,Energy Consumer Price Inflation,,,,,37.6,18.0,22.2,16.3,12.1,44.6,12.8,30.6,9.0,9.4,-0.8,43.7,25.8,-2.8,9.1,32.9,-1.7,58.6,4.6,10.9,11.5,3.2,8.7,8.5,6.4,3.4,5.1,12.2,11.2,8.1,5.5,7.6,8.37,8.07,14.73,-0.26,3.34,11.51,8.35,10.58,7.71,-6.87,0.35,6.28,8.81,8.0,-1.93,6.87,16.55,14.063636363636364,11.577272727272728,9.090909090909092
LUX,137.0,Luxembourg,Inflation,Energy Consumer Price Inflation,7.5,4.6,2.0,2.3,10.4,17.0,6.9,8.5,1.4,13.9,20.0,13.9,11.8,22.2,-4.9,4.7,-16.9,-3.1,4.6,6.0,5.5,-4.6,2.2,1.1,1.1,0.7,3.68,2.88,-0.2,1.44,7.71,1.7,0.18,2.83,3.14,6.86,5.85,3.36,7.89,-2.67,4.7,6.91,3.71,0.6,-1.01,-0.91,-1.57,1.67,3.18,1.61,-0.77,18.82,33.02,22.61939393939394,12.218787878787879,1.8181818181818181
MDG,674.0,Madagascar,Inflation,Energy Consumer Price Inflation,6.1,0.4,1.8,5.7,9.6,6.1,-1.8,3.5,3.6,22.8,24.3,31.5,29.8,2.5,9.6,19.9,0.5,17.1,21.5,12.4,9.0,8.2,9.5,12.2,35.6,53.3,9.0,8.62,8.24,,,7.1,14.7,-4.2,14.5,16.2,32.5,3.7,9.2,8.77,8.34,,,,6.62,12.02,10.09,9.88,6.92,9.35,4.61,2.49,2.38,8.253333333333334,14.126666666666669,20.0
MEX,273.0,Mexico,Inflation,Energy Consumer Price Inflation,,,,,,,,,,12.3,17.2,17.8,47.4,135.3,66.7,49.4,159.1,116.8,112.6,6.2,28.7,24.4,19.2,19.2,17.9,40.1,39.3,25.8,14.4,11.8,25.2,8.9,7.6,15.9,5.38,3.93,4.47,3.02,4.89,2.45,3.2,2.19,2.51,2.8,2.9,1.87,1.72,3.91,3.91,2.43,2.6,13.71,5.49,9.720606060606062,13.951212121212123,18.181818181818183
MKD,962.0,"Macedonia, FYR",Inflation,Energy Consumer Price Inflation,,,,,,,,,,,,,24.0,36.2,63.3,69.7,68.9,142.6,172.4,1166.7,588.6,125.1,979.4,424.3,111.3,6.8,9.1,3.8,0.4,1.1,27.4,3.9,1.0,4.35,1.91,0.82,2.77,5.99,6.67,5.12,7.0,4.99,9.23,1.0,-0.17,1.06,-0.57,-0.28,0.01,-0.14,2.0,2.74,11.95,15.845454545454546,19.740909090909092,23.636363636363637
MLT,181.0,Malta,Inflation,Energy Consumer Price Inflation,0.0,0.0,0.6,0.3,41.6,-11.7,-1.6,39.6,0.0,22.2,29.5,7.0,0.0,-1.6,0.0,0.0,0.0,-5.7,0.0,0.0,0.0,0.0,0.0,0.2,0.1,0.1,0.2,8.3,0.0,8.2,10.9,0.3,3.7,2.2,5.9,15.9,17.1,-5.2,14.5,-2.2,18.6,11.8,4.6,-0.7,-7.6,-6.5,-4.2,1.1,1.3,2.5,-0.6,-1.6,-0.290909090909091,1.018181818181818,,3.6363636363636362
MMR,518.0,Myanmar,Inflation,Energy Consumer Price Inflation,1.3,1.1,1.1,6.6,61.4,11.7,48.8,4.1,-1.9,-8.5,7.1,39.0,1.1,-3.7,18.0,-1.9,15.2,18.0,14.1,28.3,22.1,27.1,25.7,12.9,61.3,25.1,7.1,17.2,22.1,16.4,11.3,21.2,34.7,34.3,17.7,9.1,31.4,32.9,14.3,3.7,3.7,8.1,6.5,5.2,4.61,7.91,5.51,5.02,7.82,18.84,17.37,3.51,11.24,8.09939393939394,4.958787878787879,1.8181818181818181
MUS,684.0,Mauritius,Inflation,Energy Consumer Price Inflation,0.0,-0.1,0.0,7.0,17.2,10.2,10.2,13.9,0.1,35.4,66.0,22.2,12.8,-2.9,10.0,7.5,-4.9,-1.5,-0.1,0.8,5.3,11.7,11.7,4.1,0.1,3.5,-0.3,-0.3,-0.4,0.2,5.8,15.1,15.1,15.1,0.2,3.46,11.54,4.93,6.8,-3.21,-0.29,2.29,4.82,0.52,0.74,-0.05,-3.1,-2.21,-1.78,-0.39,-2.99,-2.95,4.0,3.272727272727273,2.545454545454546,1.8181818181818181
NGA,694.0,Nigeria,Inflation,Energy Consumer Price Inflation,13.7,-3.5,3.0,-12.4,1.2,80.9,75.46666666666667,70.03333333333333,,,,,,,,,,15.7,4.3,34.3,27.4,2.1,41.9,98.0,216.4,72.7,29.75,5.87,43.74,35.72,22.63,-0.66,17.07,33.78,20.72,12.07,16.87,9.94,6.13,8.29,10.08,15.57,17.75,9.6,5.83,7.2,21.91,12.86,7.4,7.35,8.13,10.22,14.16,16.71272727272727,19.265454545454546,21.818181818181817
NLD,138.0,Netherlands,Inflation,Energy Consumer Price Inflation,1.6,3.38,4.38,4.54,19.8,16.37,11.44,7.91,8.48,7.58,18.15,23.26,12.5,0.19,4.77,3.76,-9.68,-15.26,-2.47,-0.64,9.13,8.1,-0.48,-4.33,3.68,0.63,-1.02,4.54,3.27,3.09,4.4,4.96,3.38,3.86,3.18,4.62,3.88,2.6,2.11,1.8,-0.04,2.51,2.8,3.02,2.87,1.83,0.6,1.56,2.94,7.57,0.53,17.26,75.64,51.03272727272727,26.425454545454542,1.8181818181818181
NOR,142.0,Norway,Inflation,Energy Consumer Price Inflation,18.5,5.1,5.6,6.5,16.3,13.6,10.3,12.1,20.1,10.6,12.04,13.71,12.06,9.82,7.68,6.21,4.77,7.33,8.33,6.09,6.38,4.49,2.4,2.84,0.9,2.8,2.42,2.69,0.33,2.23,4.74,7.42,3.72,8.59,0.24,1.71,6.12,-0.87,6.83,1.81,5.22,0.93,-1.87,5.29,1.29,1.3,4.48,3.01,5.01,0.13,-3.49,44.52,29.15,20.03939393939394,10.928787878787876,1.8181818181818181
NPL,558.0,Nepal,Inflation,Energy Consumer Price Inflation,1.1,1.1,-3.3,-2.6,20.5,6.7,6.7,6.7,8.9,18.7,15.7,16.3,14.1,15.1,10.4,16.5,6.1,3.1,17.8,15.1,15.6,13.3,18.6,14.2,5.5,0.8,9.3,10.0,4.1,5.3,25.9,3.9,2.3,15.5,5.9,21.1,17.8,3.2,16.5,-1.8,-0.7566666666666666,0.28666666666666685,,,,,,,7.59,6.55,2.81,2.4,6.65,9.887878787878789,13.125757575757575,16.363636363636363
NZL,196.0,New Zealand,Inflation,Energy Consumer Price Inflation,0.4,3.0,2.4,3.8,6.8,7.7,31.2,36.7,10.8,26.0,21.5,10.9,14.2,2.9,1.5,18.4,17.3,19.1,7.4,4.9,3.0,6.0,4.2,5.8,6.2,4.8,5.4,4.5,3.0,1.8,1.2,-0.55,3.16,5.24,6.54,5.54,5.06,5.21,4.68,2.53,2.43,3.61,2.77,3.04,3.38,2.78,3.18,3.13,3.06,0.86,2.93,8.55,16.83,11.826060606060604,6.822121212121212,1.8181818181818181
PAK,564.0,Pakistan,Inflation,Energy Consumer Price Inflation,,,,,,,,,,,,,,2.9,4.9,5.1,1.8,2.3,5.9,14.5,10.2,17.7,5.8,10.1,10.5,11.8,10.4,15.8,13.7,-5.0,13.8,4.9,4.9,4.9,2.5,5.8,11.5,4.9,16.6,18.0,10.63,8.35,6.56,5.34,8.36,5.21,4.97,5.04,6.21,8.49,6.16,10.04,12.19,16.61151515151515,21.0330303030303,25.454545454545453
PAN,283.0,Panama,Inflation,Energy Consumer Price Inflation,-0.9,2.7,1.8,1.5,34.6,6.7,11.8,13.2,28.7,5.8,17.6,5.9,5.5,3.1,-2.4,-2.7,-4.3,-1.9,0.0,0.0,0.0,0.0,-2.1,0.4,-0.3,1.6,1.3,1.3,-0.5,1.4,7.2,-2.1,-2.2,5.3,5.3,5.3,5.1,4.52,6.25,-7.34,2.58,1.76,3.3,4.11,1.53,-1.17,-0.98,1.92,0.64,-0.29,-4.07,-3.75,1.93,1.8927272727272726,1.8554545454545455,1.8181818181818181
PER,293.0,Peru,Inflation,Energy Consumer Price Inflation,25.1,0.0,0.0,5.1,1.6,9.6,42.0,27.1,69.2,59.7,28.1,104.4,115.1,231.0,115.3,170.5,11.3,16.8,456.0,393.17571428571426,330.3514285714286,,,,,16.23,12.72,8.28,3.1,11.27,10.54,5.79,-2.19,6.58,4.52,4.12,2.54,0.94,2.39,-0.34,0.28,3.1,2.38,3.02,3.96,4.84,4.89,2.27,4.14,2.16,1.24,6.2700000000000005,11.3,12.381818181818183,13.463636363636363,14.545454545454545
PHL,566.0,Philippines,Inflation,Energy Consumer Price Inflation,7.7,7.7,3.3,9.3,38.7,10.2,13.6,5.4,13.9,25.3,33.9,27.5,14.2,8.1,45.4,25.7,-9.7,0.0,3.7,7.6,20.3,25.3,6.1,6.5,6.5,7.88,8.21,8.74,9.22,7.49,6.91,7.29,3.73,3.82,3.8,7.53,5.96,2.3,4.65,1.67,5.17,5.08,4.12,1.75,2.55,-1.15,0.38,2.74,3.97,2.4,0.91,2.57,6.31,4.8127272727272725,3.3154545454545454,1.8181818181818181
POL,964.0,Poland,Inflation,Energy Consumer Price Inflation,,,,,,,,,,,,,,5.7,0.0,15.2,27.4,40.0,127.0,86.2,1151.6,184.4,94.2,47.0,44.0,26.4,18.8,17.7,15.7,6.1,8.8,10.6,5.9,3.4,4.14,4.0,4.55,3.89,9.04,8.52,3.75,6.08,5.81,1.96,1.56,0.7,-0.61,1.8,2.06,-0.38,7.49,12.14,30.26,28.65818181818182,27.056363636363635,25.454545454545453
PRT,182.0,Portugal,Inflation,Energy Consumer Price Inflation,1.23,23.43,18.45,21.19,19.56,7.28,25.79,15.18,13.36,9.77,14.01,12.8,13.38,20.0,27.63,17.32,14.87,9.74,14.87,13.91,17.21,21.91,14.07,9.11,6.77,4.4,2.72,4.33,2.48,0.86,3.74,3.91,2.93,4.17,3.0,4.37,3.86,3.64,3.95,2.06,4.43,6.66,8.71,2.15,2.22,0.23,0.39,0.6,2.19,-1.77,0.07,7.28,23.85,16.506060606060608,9.162121212121212,1.8181818181818181
QAT,453.0,Qatar,Inflation,Energy Consumer Price Inflation,,,,,,,,,,,,,0.0,4.6,2.3,1.01,-1.34,3.05,10.2,2.39,1.17,2.02,8.47,-5.73,0.0,0.55,3.3,5.32,-3.28,2.35,-2.04,1.56,1.54,18.18,16.03,26.52,25.76,29.17,19.71,-11.98,-12.76,-3.75,-2.65,6.1,7.81,2.87,4.03,-3.04,-3.9,-2.98,-4.57,-5.08,5.25,11.378787878787879,17.507575757575758,23.636363636363637
ROU,968.0,Romania,Inflation,Energy Consumer Price Inflation,0.1,0.0,0.0,0.2,0.0,10.7,8.9,0.4,0.6,13.0,36.0,-0.2,50.5,9.8,0.0,0.0,-0.1,3.0,61.1,-9.3,-33.4,43.3,180.3,502.9,85.6,29.5,37.1,203.1,66.3,82.6,63.4,39.2,37.7,18.8,19.4,17.6,11.9,5.9,9.9,4.0,7.6,9.3,6.9,4.1,2.3,-2.7,-4.4,0.4,12.2,2.7,-7.4,15.2,32.83,22.492727272727272,12.155454545454543,1.8181818181818181
RWA,714.0,Rwanda,Inflation,Energy Consumer Price Inflation,,-7.0,-2.2,1.1,44.6,9.0,23.4,6.7,20.4,50.0,20.9,37.0,0.0,-26.0,-3.9,10.8,-1.1,3.4,-11.3,-1.8,2.9,14.2,14.076153846153845,13.952307692307691,,,,,,,,,,,12.59,17.99,17.68,17.3,18.24,6.7,1.01,3.66,4.79,0.93,0.94,3.99,2.39,1.95,10.97,2.63,3.48,3.24,10.77,15.664848484848484,20.55969696969697,25.454545454545453
SEN,722.0,Senegal,Inflation,Energy Consumer Price Inflation,0.3,1.9,1.4,3.6,34.1,12.3,2.6,-0.9,-0.4,1.5,3.9,20.2,16.7,1.4,3.7,16.5,9.0,1.4,-2.5,1.0,0.2,2.9,-1.6,3.7,77.5,7.8,0.5,0.0,3.7,3.7,7.9,3.6,4.2,4.3,2.0,0.2,3.54,10.0,2.11,-0.15,2.12,3.15,0.23,-0.3,-4.77,-2.67,-1.82,-1.41,0.32,0.48,0.91,2.53,2.3,2.139393939393939,1.9787878787878788,1.8181818181818181
SGP,576.0,Singapore,Inflation,Energy Consumer Price Inflation,1.3,2.24,1.57,3.44,14.14,7.04,6.73,1.13,-0.02,5.08,13.65,5.25,3.7,0.84,3.5,3.5,-2.27,-1.53,0.0,1.78,7.23,2.29,2.57,3.66,1.37,0.98,0.93,2.93,2.57,-1.27,2.81,1.93,-2.2,-0.34,-0.11,1.26,3.31,0.24,14.99,2.01,2.24,8.98,8.41,2.83,0.12,-3.54,-4.07,-2.54,-1.34,-0.99,-0.29,1.39,5.18,4.0593939393939396,2.938787878787879,1.8181818181818181
SLV,253.0,El Salvador,Inflation,Energy Consumer Price Inflation,-13.3,-9.8,9.3,20.3,25.1,45.5,24.8,33.6,31.3,31.3,41.8,45.2,11.4,11.4,11.4,77.0,28.6,33.9,-3.4,-4.8,55.8,-2.8,13.2,3.4,11.6,14.2,8.2,1.3,14.1,0.8,17.9,29.3,-3.1,2.8,-1.4,5.1,8.8,5.0,-1.7,6.99,6.97,13.86,3.63,0.11,1.62,-2.66,9.3,4.9,3.27,-0.67,-3.43,5.78,2.87,2.5193939393939395,2.168787878787879,1.8181818181818181
SUR,366.0,Suriname,Inflation,Energy Consumer Price Inflation,,,,,,,,,,,,,,,9.4,1.1,0.0,0.0,0.0,-0.8,4.7,81.9,32.9,20.8,11.4,6.9,5.6,6.2,5.0,51.4,47.2,14.1,3.69,17.35,13.21,7.84,11.45,5.97,7.22,6.6,0.1,4.96,4.04,0.34,-0.6,-1.01,-1.41,-1.43,2.04,4.22,-0.03,55.8,135.08,99.14424242424244,63.208484848484844,27.27272727272727
SVK,936.0,Slovak Republic,Inflation,Energy Consumer Price Inflation,,,,,,,,,,,,40.5,22.5,36.9,45.9,79.8,93.8,132.3,177.8,1200.0,469.2,155.4,164.6,34.4,21.4,11.5,18.31,13.28,8.12,9.89,18.43,11.06,6.81,6.58,7.31,9.07,5.3,2.67,9.65,-0.29,10.13,5.56,3.8,3.1,0.13,-1.25,-0.97,2.55,4.01,1.2,2.6,0.06,18.95,19.906060606060606,20.86212121212121,21.818181818181817
SVN,961.0,Slovenia,Inflation,Energy Consumer Price Inflation,6.2,10.6,0.8,22.0,43.2,6.2,15.9,10.6,14.3,20.8,4.6,14.21,8.2,4.88,6.66,8.44,2.56,3.56,6.83,7.62,15.08,18.71,7.47,5.7,1.83,2.38,2.1,-0.69,-1.85,-1.64,0.77,3.93,2.77,4.32,0.14,0.35,3.5,4.03,6.86,-5.36,-0.15,8.72,1.37,-0.78,-0.86,-2.55,0.85,2.48,3.72,3.11,-1.11,11.08,23.79,16.466060606060605,9.14212121212121,1.8181818181818181
SWE,144.0,Sweden,Inflation,Energy Consumer Price Inflation,2.0,8.9,3.6,4.4,45.9,23.5,13.8,15.9,13.6,45.7,16.0,12.1,14.1,4.6,0.0,29.8,10.4,-4.0,4.3,3.8499999999999996,3.4,8.2,1.4,6.7,21.9,1.0,2.0666666666666664,3.1333333333333333,4.2,-1.7,149.1,3.3,2.2,8.0,4.6,3.9,4.135,4.37,,,,,,5.78,3.43,4.6,4.59,6.73,3.72,2.92,-0.13,16.98,32.93,28.62,24.310000000000002,20.0
SYC,718.0,Seychelles,Inflation,Energy Consumer Price Inflation,0.0,1.9,0.9,3.7,-0.9,1.9,13.8,4.8,8.5,6.4,12.0,60.7,32.6,8.7,-0.3,11.3,24.3,13.0,12.3,19.5,2.0,16.0,28.4,2.0,30.3,38.4,1.5,-4.7,0.8,0.5,0.3,0.0,11.3,5.8500000000000005,0.4,1.7,1.0,5.5,33.3,31.9,9.1,4.22,5.96,6.76,1.1,-1.93,-8.25,12.1,9.71,6.11,9.005,11.9,8.69,7.611515151515151,6.533030303030303,5.454545454545454
TCD,628.0,Chad,Inflation,Energy Consumer Price Inflation,1.6,11.1,1.5,6.0,23.1,14.3,2.6,21.6,11.6,13.0,18.1,11.3,13.5,14.2,6.6,4.6,0.3,0.0,-0.3,-2.5,-2.0,1.4,3.4,-0.5,11.4,10.65,9.9,-2.4,1.32,3.66,-1.36,2.7,-0.46,0.64,0.74,1.14,1.02,-0.76,4.62,1.46,1.39,5.78,6.0,1.99,2.83,1.15,0.46,0.43,-0.83,0.82,0.85,-1.83,-1.97,-0.10121212121212109,1.7675757575757578,3.6363636363636362
TGO,742.0,Togo,Inflation,Energy Consumer Price Inflation,,,,,,,,7.9,14.9,16.9,31.5,20.0,1.8,1.0,1.9,11.0,8.0,0.6,1.0,0.8,1.6,2.4,2.5,2.8,1.8,4.4,2.5,9.8,17.9,0.2,7.8,7.9,1.3,1.7,4.4,2.5,6.8,-0.5,-16.0,-9.0,9.7,3.6,2.73,1.88,1.41,0.59,-1.0,0.17,1.03,0.42,0.78,0.6,12.1,12.915151515151514,13.73030303030303,14.545454545454545
TJK,923.0,Tajikistan,Inflation,Energy Consumer Price Inflation,,,,,,,12.0,12.8,0.9,16.6,47.7,13.8,8.4,9.0,-4.0,14.3,0.9,-3.3,1.9,0.9,6.3,25.1,0.2,7.3,0.1,1.7,-0.3,1.7,-11.1,-2.8,-0.06499999999999995,2.67,,,,13.61,13.41,4.29,3.12,4.33,-1.64,-2.23,-0.23,1.12,0.7,-0.07,2.12,10.32,5.01,0.43,-5.15,0.9709090909090898,7.09181818181818,,,25.454545454545453
TON,866.0,Tonga,Inflation,Energy Consumer Price Inflation,2.4,2.8,6.4,6.3,14.5,20.8,11.25,1.7,0.9,1.4,11.9,3.4,5.6,66.35,127.1,0.4,1.0,1.3,3.6,0.7,10.9,-0.1,0.6,2.55,4.22,2.68,1.13,0.45,2.28,1.66,0.67,0.14,-0.15,0.13,2.74,2.5,2.88,4.26,5.52,4.51,0.37,1.29,2.35,0.15,0.68,0.89,-0.29,0.04,2.41,0.95,0.51,5.98,26.01,19.15818181818182,12.306363636363637,5.454545454545454
TTO,369.0,Trinidad and Tobago,Inflation,Energy Consumer Price Inflation,1.9,1.9,2.0,1.2,1.5,4.1,2.1,3.9,1.4,4.9,7.2,9.1,18.0,15.6,7.9,7.3,1.1,3.0,2.3,2.2,1.9,8.4,7.9,5.6,5.3,4.1,3.3,3.6,2.9,4.2,3.5,3.5,1.4,4.3,5.0,9.0,5.65,3.96,6.17,2.81,3.32,3.13,2.89,3.93,5.37,5.01,4.91,5.33,4.8,4.8,4.74,0.0,0.0,0.6060606060606061,1.2121212121212122,1.8181818181818181
TUR,186.0,Turkey,Inflation,Energy Consumer Price Inflation,10.2,3.8,0.7,12.5,-1.8,35.3,10.1,42.9,-0.4,13.2,38.3,36.8,21.0,36.6,42.3,35.4,16.7,29.3,12.4,32.5,50.4,21.8,23.2,26.5,45.3,35.0,31.3,19.3,14.3,9.8,6.9,2.9,14.5,4.1,7.1,12.7,8.5,6.2,10.7,-1.6,9.2,16.85,16.32,14.2,10.67,1.32,6.61,7.57,11.97,7.92,12.4,17.72,67.62,45.68606060606061,23.75212121212121,1.8181818181818181
UKR,926.0,Ukraine,Inflation,Energy Consumer Price Inflation,35.05,35.05,35.05,35.05,89.0,73.4,61.4,54.7,32.0,55.5,60.8,17.6,19.3,74.7,62.6,72.2,60.6,65.06,67.15,82.75,105.85,101.1,73.77,61.73,55.82,45.39,33.33,22.88,12.55,6.48,4.57,4.07,11.41,20.79,9.56,6.14,8.13,8.86,11.16,10.7,8.85,10.32,9.24,10.7,9.03,8.11,9.2,8.58,6.06,5.91,-2.98,23.16,5.01,3.9460606060606063,2.8821212121212123,1.8181818181818181
URY,298.0,Uruguay,Inflation,Energy Consumer Price Inflation,6.9,4.45,3.88,4.35,11.23,10.55,6.14,6.82,8.75,12.2,15.69,11.51,7.21,2.67,4.16,3.96,2.96,3.04,3.7,3.8,4.51,3.93,2.91,2.72,2.51,2.53,2.93,2.62,2.29,2.2,3.46,4.0,2.22,2.52,2.57,3.26,3.8,3.16,3.18,0.37,-0.37,1.32,1.65,2.08,2.58,2.08,2.48,2.97,2.89,-2.11,7.18,7.95,7.09,5.332727272727273,3.5754545454545457,1.8181818181818181
VCT,364.0,St. Vincent and the Grenadines,Inflation,Energy Consumer Price Inflation,12.1,12.1,-1.1,22.2,63.2,4.8,-4.0,17.8,22.7,30.3,34.6,9.2,9.2,9.2,4.6,4.5,-2.6,1.5,-6.3,-0.2,13.4,-1.4,1.3,-1.2,0.1,0.2,1.4,-2.4,-1.2,4.1,1.9,3.6,0.4,2.0,1.9,18.9,10.5,5.9,11.0,-19.8,6.6,2.5,2.43,0.27,-0.13,-5.31,-1.55,1.57,2.51,0.77,-2.54,2.37,2.686590909090909,3.003181818181818,,3.6363636363636362
VEN,299.0,"Venezuela, RB",Inflation,Energy Consumer Price Inflation,0.0,0.0,0.0,0.0,0.1,0.6,0.6,0.6,0.8,23.0,4.4,23.6,3.8,3.8,19.1,8.7,0.1,17.6,15.9,69.1,42.7,25.4,2.0,66.9,77.5,36.5,60.5,100.4,61.8,26.4,19.67,17.03,16.08,12.85,9.62,7.24,6.8,6.55,8.75,12.08,13.68,12.14,9.83,12.1,16.37,22.12,2.5,109.58,94802.37,17687.47,1.79,1137.51,164.09,109.99939393939394,55.90878787878788,1.8181818181818181
ZAF,199.0,South Africa,Inflation,Energy Consumer Price Inflation,,3.2,7.5,10.5,7.9,14.8,19.7,25.1,15.8,13.6,15.9,25.2,2.8,14.7,4.7,8.4,18.6,11.1,12.8,9.6,15.4,12.3,12.6,15.7,9.6,7.9,7.1,7.8,8.2,7.0,7.3,7.5,6.5,4.45,-10.64,0.6,4.4,11.15,12.18,7.91,6.69,6.63,6.19,5.6,5.77,5.99,6.05,5.18,4.89,5.21,3.74,14.31,24.37,17.45878787878788,10.547575757575759,3.6363636363636362
ARG,213.0,Argentina,Inflation,Food Consumer Price Inflation,16.5,16.5,41.7,63.1,55.2,15.1,187.7,458.6,163.2,163.2,168.7,95.1,99.2,178.4,339.0,638.9,624.1,98.1,132.8,332.9,3086.5,2129.2,161.1,30.2,10.3,1.4,2.8,-0.5,-0.7,1.7,-3.7,-2.6,-1.9,34.6,19.2,5.0,11.0,12.1,11.2,6.8,2.8,14.4,8.7,18.8825,29.065,,49.43,20.36,32.74,58.34,46.97,49.85,71.06,49.79757575757576,28.53515151515152,7.2727272727272725
ATG,311.0,Antigua and Barbuda,Inflation,Food Consumer Price Inflation,8.0,10.1,10.1,20.6,31.3,16.5,10.1,12.8,6.2,14.4,10.8,7.2,3.6,2.0,5.7,2.2,-1.8,6.5,5.8,7.7,6.2,6.3,8.3,10.3,12.3,2.2,3.7,-1.1,1.4,3.1,1.8,3.6,1.4,-2.7,4.4,2.5,1.1,4.9,5.2,7.4,6.811,6.222,,,,,,,,1.51,2.73,1.19,7.65,13.584848484848486,19.51969696969697,25.454545454545453
AUS,193.0,Australia,Inflation,Food Consumer Price Inflation,3.62,3.9,3.91,15.36,14.75,7.94,12.08,11.41,9.82,13.79,12.57,9.47,7.56,10.16,5.46,6.2,8.92,5.42,7.89,8.81,4.43,3.36,1.37,2.37,1.18,4.0,2.76,2.61,2.66,3.35,2.43,6.63,3.57,3.65,2.34,2.38,7.79,2.33,4.67,3.73,1.55,4.83,-1.63,0.8,2.54,0.92,0.82,0.71,0.97,4.48,9.28,7.91,7.03,5.292727272727273,3.5554545454545456,1.8181818181818181
AUT,122.0,Austria,Inflation,Food Consumer Price Inflation,4.42,3.21,5.32,7.19,8.14,6.05,5.31,5.59,2.93,2.48,4.5,5.89,4.23,2.13,5.44,2.0,1.99,0.24,0.12,0.78,2.82,4.08,3.71,2.27,1.38,-1.72,0.13,1.53,1.93,-0.63,0.65,3.64,1.34,1.79,1.92,1.24,1.88,4.21,6.29,0.2,0.48,4.24,3.19,3.47,1.94,0.83,0.73,2.37,1.52,1.02,2.33,0.78,10.23,7.426060606060606,4.622121212121212,1.8181818181818181
BDI,618.0,Burundi,Inflation,Food Consumer Price Inflation,-2.8,4.9,1.9,5.9,19.7,18.9,6.3,7.5,22.5,31.8,7.9,10.3,7.1,8.1,13.6,7.9,-7.2,-0.8,7.5,18.6,7.4,6.8,-2.1,15.9,17.7,20.1,24.0,35.0,12.5,1.0,26.82,0.82,-5.72,13.83,10.87,17.82,0.53,8.9,34.22,11.07,6.2,9.15,13.69,9.5,2.3,5.79,7.18,23.96,-10.99,-2.83,8.57,10.39,21.09,14.666060606060604,8.24212121212121,1.8181818181818181
BEL,124.0,Belgium,Inflation,Food Consumer Price Inflation,3.5,1.9,6.6,8.0,9.4,11.2,6.1,6.1,1.5,0.5,3.6,6.0,9.6,8.4,7.9,3.4,1.9,-0.4,0.0,3.1,3.7,3.7,-0.15,-0.62,2.02,1.28,1.36,2.26,1.94,0.0,0.86,4.63,2.36,2.05,1.26,1.77,2.56,3.91,6.08,0.85,1.66,2.72,3.1,3.42,-0.38,1.2,2.24,1.26,2.16,4.46,2.88,-0.39,8.21,6.07939393939394,3.948787878787879,1.8181818181818181
BEN,638.0,Benin,Inflation,Food Consumer Price Inflation,,,,,,,,,,,,,,8.7,-5.8,-10.0,-6.5,-0.8,-1.1,-2.8,-0.7,-0.5,-0.3,-0.3,35.2,19.1,3.2,3.2,7.3,-0.3,1.2,2.3,5.5,-2.3,-0.7,9.2,-0.5,-1.1,18.0,5.6,5.6,5.66,4.69,2.56,-0.77,0.41,-0.46,-0.05,2.05,-2.79,0.49,5.92,-0.7,8.018181818181818,16.736363636363635,25.454545454545453
BFA,748.0,Burkina Faso,Inflation,Food Consumer Price Inflation,5.4,4.9,-0.1,21.5,15.2,38.4,-4.5,28.3,3.9,16.8,5.6,15.9,10.15,4.4,9.7,3.2,-7.7,-11.3,11.5,-4.2,-1.4,9.6,-7.5,-5.6,17.7,11.8,15.4,2.5,9.3,-6.1,-5.8,8.8,3.1,-1.7,-4.8,14.6,-0.2,-1.7,23.3,2.6,1.46,6.14,5.37,-0.35,-3.18,2.41,0.96,0.43,3.37,-6.43,3.76,6.82,24.97,17.85878787878788,10.747575757575758,3.6363636363636362
BGD,513.0,Bangladesh,Inflation,Food Consumer Price Inflation,2.3,10.1,34.0,47.4,68.6,20.8,-10.9,9.3,11.5,14.7,15.7,11.5,13.1,9.3,12.8,9.7,13.5,10.4,6.5,8.8,5.9,6.1,3.6,-2.2,3.8,9.0,3.4,6.6,10.5,8.1,2.0,1.2,2.0,5.8,7.5,8.0,7.6,10.5,11.0,5.5,10.1,12.38,3.38,7.93,7.91,6.05,4.51,7.17,6.21,5.56,5.77,5.3,7.66,5.712727272727273,3.7654545454545456,1.8181818181818181
BGR,918.0,Bulgaria,Inflation,Food Consumer Price Inflation,-0.3,0.2,0.0,0.9,1.1,0.6,0.5,0.2,1.2,6.2,24.7,0.2,0.7,3.0,1.5,2.2,4.3,0.0,1.4,1.9,1.9,374.6,74.8,56.2,91.6,59.8,122.69,1097.01,11.14,-8.04,10.25,6.51,-0.03,-0.97,6.7,4.03,5.43,13.45,16.71,-0.63,-0.38,6.93,3.0,2.79,-0.98,0.33,-0.23,3.99,2.2,5.19,5.37,2.77,21.28,14.792727272727273,8.305454545454545,1.8181818181818181
BHR,419.0,Bahrain,Inflation,Food Consumer Price Inflation,,,,,,,13.1,13.6,10.5,2.2,5.9,4.1,-1.7,-2.8,4.1,1.8499999999999996,-0.4,-4.3,-1.0,0.8,0.1,2.1,0.1,-0.3,-1.0,6.2,0.5,0.8,1.1,-1.0,-1.3,-1.4,-1.0,-1.5,2.2,3.0,2.0,4.5,10.9,9.0,4.86,2.0,3.98,2.41,2.87,2.42,1.29,1.01,2.12,2.38,3.55,-0.08,10.04,12.147878787878787,14.255757575757574,16.363636363636363
BHS,313.0,"Bahamas, The",Inflation,Food Consumer Price Inflation,4.7,4.8,5.4,5.4,18.7,11.6,2.9,2.0,8.1,10.9,15.2,14.9,6.7,1.3,1.6,5.5,12.8,4.8,6.4,5.4,7.7,8.6,2.1,0.8,-0.6,2.1,2.6,1.6,2.2,0.2,1.7,2.1,2.0,0.5,2.0,3.3,4.6,3.9,7.1,5.0,-1.2,1.9,1.505,1.11,2.31,5.75,-0.93,-0.12,2.42,0.17,1.03,2.08,12.52,9.558787878787879,6.597575757575758,3.6363636363636362
BLR,913.0,Belarus,Inflation,Food Consumer Price Inflation,0.2,0.0,0.1,0.1,0.3,0.1,0.2,-0.1,1.3,0.5,0.5,1.4,4.0,1.6,0.0,1.8,6.2,4.5,0.0,0.4,2.9,88.5,1053.4,1415.1,2373.5,661.8,49.6,69.9,75.8,312.7,164.9,56.8,38.9,22.8,19.6,11.9,6.1,9.8,17.7,14.0,9.06,62.22,67.97,18.8,18.66,12.21,10.59,7.02,4.06,6.36,4.27,9.62,17.22,12.086060606060606,6.952121212121211,1.8181818181818181
BLZ,339.0,Belize,Inflation,Food Consumer Price Inflation,,,,,,,,,,,,8.0,5.5,4.4,2.9,0.5,0.3,1.7,3.3,4.2,2.2,6.1,3.0,1.6,1.1,2.7,6.4,1.8,-1.0,-1.7,0.6,-1.07,0.52,3.15,1.66,3.52,3.37,5.75,13.91,1.18,-4.03,0.42,2.38,1.47,0.79,-0.38,0.07,-1.12,-0.53,0.64,1.12,4.8,6.2,11.406060606060606,16.612121212121213,21.818181818181817
BOL,218.0,Bolivia,Inflation,Food Consumer Price Inflation,4.5,4.0,6.4,35.0,81.7,5.3,2.4,8.2,10.0,18.6,47.6,35.2,123.9,303.7,1315.6,11275.6,276.7,10.3,11.4,14.4,18.7,21.7,13.4,6.7,9.0,12.0,14.3,3.4,5.4,-1.6,2.1,0.6,-0.9,3.5,6.0,5.8,5.85,14.58,25.61,1.28,2.95,13.94,3.92,8.85,8.12,4.61,5.51,3.35,2.54,3.36,-0.65,0.61,1.64,1.6993939393939392,1.7587878787878788,1.8181818181818181
BRA,223.0,Brazil,Inflation,Food Consumer Price Inflation,26.0,24.9,21.5,18.2,30.5,30.8,39.6,40.5,60.400000000000006,80.30000000000001,100.2,49.82,90.9,158.58,204.17,221.06,131.65,196.78,653.06,1345.14,2618.24,450.01,1090.56,1949.8,2280.13,58.49,5.92,0.72,2.81,3.42,5.14,6.7,9.66,20.36,4.01,3.08,0.02,6.78,13.05,5.8,6.1,8.85,8.13,11.16,7.52,9.8,12.49,0.89,0.87,4.86,9.07,12.72,11.79,9.678181818181818,7.5663636363636355,5.454545454545454
BRB,316.0,Barbados,Inflation,Food Consumer Price Inflation,6.5,8.2,16.7,17.8,44.3,22.4,4.2,8.5,10.1,11.1,13.0,14.9,7.3,2.7,4.0,5.2,2.4,4.6,6.5,9.1,4.0,4.8,0.3,-0.1,0.3,3.9,3.9,13.5,-4.3,2.5,2.5,5.2,1.8,2.8,4.5,7.0,7.9,7.1,13.5,6.7,3.7,2.89,2.08,,0.46,2.81,8.23,6.21,3.66,5.97,11.76,11.953454545454544,12.14690909090909,,,12.727272727272727
BRN,516.0,Brunei Darussalam,Inflation,Food Consumer Price Inflation,1.0,0.0,-1.7,12.4,20.0,3.5,7.5,13.6,5.8,4.9,8.3,12.3,9.1,0.9,3.1,1.0,0.6,1.0,1.7,0.6,0.2,2.5,0.8,2.6,1.3,2.5,3.0,3.7,0.3,-0.2,0.0,0.5,0.3,-0.8,1.6,0.5,0.3,2.2,5.0,1.0,1.0,0.01,0.01,0.09,-0.23,0.82,-0.94,0.48,1.69,-0.03,2.06,2.38,4.97,3.919393939393939,2.8687878787878787,1.8181818181818181
BWA,616.0,Botswana,Inflation,Food Consumer Price Inflation,4.9,-0.6,6.1,15.4,17.3,10.4,5.4,14.6,11.4,10.9,18.2,22.3,13.2,12.9,8.6,9.6,10.15,10.7,8.5,9.2,11.8,11.8,18.8,13.6,9.4,10.8,13.3,10.3,6.2,6.8,4.7,2.6,9.3,11.4,4.6,5.4,12.49,11.39,20.19,14.28,3.68,6.88,7.92,5.4,3.01,1.34,2.66,3.43,-0.5,1.39,3.73,7.14,9.04,6.632727272727273,4.225454545454546,1.8181818181818181
CAF,626.0,Central African Republic,Inflation,Food Consumer Price Inflation,1.5,8.1,9.6,5.8,11.0,15.5,7.1,15.0,8.2,9.3,16.4,9.0,7.5,23.5,0.1,10.6,0.0,-9.9,-4.1,1.0,0.7,-4.1,-1.1,-4.2,24.5,23.0,5.8,0.6,-2.7,-3.1,3.9,4.7,2.0,5.2,-4.6,3.5,7.2,1.9,11.4,3.63,1.4,1.07,7.11,9.0,14.77,4.67,4.42,4.608,4.796,,,5.36,6.747272727272727,8.134545454545455,,10.909090909090908
CAN,156.0,Canada,Inflation,Food Consumer Price Inflation,1.61,0.51,7.7,15.01,15.8,12.54,1.58,8.82,17.43,13.48,11.14,11.94,6.38,2.92,6.07,2.45,5.04,4.54,1.99,3.12,3.9,2.3,-1.43,1.82,0.1,2.67,1.15,1.54,1.57,1.05,1.07,4.85,2.53,1.44,1.77,2.29,2.27,2.63,3.93,5.48,0.95,4.24,2.35,1.09,2.51,4.1,1.02,-1.01,0.81,3.68,2.4,2.2,9.63,7.026060606060607,4.422121212121213,1.8181818181818181
CHE,146.0,Switzerland,Inflation,Food Consumer Price Inflation,2.5,6.52,6.41,6.11,10.78,6.17,-1.5,1.38,3.97,3.7,6.9,10.47,6.81,2.15,3.79,2.55,0.8,0.77,2.18,1.13,5.52,4.38,0.06,-0.18,0.43,0.67,-0.49,0.67,0.82,-0.14,1.63,2.08,2.31,1.27,0.51,-0.71,-0.04,0.52,3.1,-0.19,-1.11,-3.25,-0.98,1.22,0.92,-0.8,0.39,0.42,1.26,0.11,0.09,-1.59,1.45,1.5727272727272728,1.6954545454545453,1.8181818181818181
CHL,228.0,Chile,Inflation,Food Consumer Price Inflation,35.4,23.8,115.2,376.5,513.7,359.6,212.8,86.2,34.6,31.1,36.1,14.2,3.6,25.8,21.1,28.3,23.9,24.1,13.3,20.8,26.0,25.8,18.0,10.9,9.8,8.3,6.1,7.2,3.7,0.3,1.19,0.63,1.86,3.2,-1.92,2.9,2.69,9.62,17.08,4.71,2.2,6.69,7.63,4.43,6.98,7.12,3.82,2.01,3.06,2.38,6.74,5.41,16.99,11.932727272727272,6.875454545454545,1.8181818181818181
CHN,924.0,China,Inflation,Food Consumer Price Inflation,,,,,,0.3,0.0,0.1,0.1,2.8,10.6,-1.1,3.1,1.2,8.3,13.0,7.4,8.9,20.7,17.1,1.1,2.5,10.7,16.5,31.99,22.43,7.59,-0.11,-3.19,-4.21,-2.57,0.01,-0.7,3.44,9.79,2.82,2.48,12.36,14.42,0.71,7.34,11.89,4.93,4.7,3.07,2.45,4.48,-1.35,1.84,9.35,10.68,-1.7,2.61,5.376363636363636,8.142727272727273,10.909090909090908
CIV,662.0,Côte d'Ivoire,Inflation,Food Consumer Price Inflation,12.7,-1.8,-1.1,17.7,18.1,10.4,7.3,40.0,11.3,21.8,18.9,5.2,4.2,4.3,5.0,1.6,10.0,12.0,12.1,1.0,-1.3,2.5,3.3,3.4,22.5,22.5,9.21,9.21,9.21,-4.5,0.0,5.7,5.6,4.0,-3.8,2.45,3.0,5.4,11.6,3.38,5.79,10.44,-0.3,1.95,-2.11,2.05,3.04,0.34,-0.49,1.04,4.2,7.68,9.08,6.65939393939394,4.238787878787879,1.8181818181818181
CMR,622.0,Cameroon,Inflation,Food Consumer Price Inflation,9.3,6.3,12.0,9.1,14.1,16.2,11.2,23.5,11.5,4.8,9.0,13.0,19.0,14.8,4.6,-0.7,1.3,5.7,0.5,-7.0,-10.2,-0.8,-1.8,-1.8,8.4,8.4,3.1,7.0,3.3,1.0,2.3,7.0,4.8,-0.7,-2.0,1.1,6.9,1.0,9.2,5.98,1.23,4.81,3.43,3.23,0.77,2.02,1.08,0.04,1.22,2.88,3.5,4.25,11.88,8.526060606060607,5.172121212121213,1.8181818181818181
COG,634.0,"Congo, Rep.",Inflation,Food Consumer Price Inflation,0.7,4.9,10.2,5.0,5.7,16.0,6.1,6.1,15.2,15.2,4.8,13.9,16.8,9.7,12.5,5.3,-2.2,0.6,-5.8,-0.5,1.5,-3.8,-8.1,6.8,47.6,6.8,7.2,24.7,-0.4,4.8,-5.2,-1.7,4.7,-5.8,-6.3,5.4,10.1,7.3,8.1,7.5,-0.69,1.57,10.94,7.78,-4.06,4.15,3.03,3.014,2.9979999999999998,,,2.95,6.34,7.256969696969697,8.173939393939394,9.090909090909092
COL,233.0,Colombia,Inflation,Food Consumer Price Inflation,5.9,12.8,15.3,29.5,29.0,27.1,20.1,43.2,12.5,22.7,28.9,28.6,25.4,20.6,15.6,31.5,19.3,26.8,32.6,24.67,26.82,30.32,30.22,15.92,20.87,19.22,15.91,15.76,22.54,6.24,9.55,9.85,9.77,8.06,6.36,6.37,5.58,8.42,12.4,3.58,0.21,4.57,3.42,0.41,2.97,8.63,13.11,0.69,0.83,4.89,5.55,9.73,24.63,17.026060606060604,9.42212121212121,1.8181818181818181
CPV,624.0,Cabo Verde,Inflation,Food Consumer Price Inflation,9.5,21.0,12.2,14.1,52.6,27.2,1.2,12.4,27.4,24.833333333333332,22.266666666666666,,,,12.0,-1.1,13.0,4.3,3.1,9.1,12.0,9.4,8.7,3.7,1.9,11.4,5.5,10.1,4.6,3.5,-1.7,5.3,0.62,-0.15,-3.27,-0.08,6.47,5.03,9.08,2.08,2.2,5.21,2.64,0.73,-1.17,1.45,0.14,-0.18,0.45,1.39,3.67,0.56,12.7,12.103030303030302,11.506060606060606,10.909090909090908
CRI,238.0,Costa Rica,Inflation,Food Consumer Price Inflation,7.6,3.7,1.2,21.7,29.3,16.3,4.9,4.9,10.3,12.7,21.7,36.7,113.6,32.2,8.8,12.3,11.8,14.7,20.2,17.9,18.2,26.0,23.9,11.1,13.4,18.8,18.57,14.42,14.47,8.91,8.58,10.61,10.16,8.76,14.89,17.8,11.6,15.1,23.89,8.17,4.64,5.6,3.53,3.83,4.27,3.19,-0.81,1.68,1.63,0.8,0.48,2.24,3.2,2.7393939393939393,2.278787878787879,1.8181818181818181
CYP,423.0,Cyprus,Inflation,Food Consumer Price Inflation,1.3,4.9,6.7,8.5,20.1,9.2,2.6,4.15,5.7,6.7,14.6,11.5,8.1,4.3,8.4,4.7,2.9,2.9,4.1,4.6,4.7,6.8,7.8,2.0,1.3,1.3,3.1,5.2,4.1,2.1,5.5,4.1,4.6,5.1,4.0,1.6,4.8,5.56,7.59,3.69,0.24,4.08,0.82,0.21,-1.46,-0.31,-0.26,-0.29,0.73,0.45,1.22,-0.38,7.77,6.392121212121212,5.014242424242424,3.6363636363636362
CZE,935.0,Czech Republic,Inflation,Food Consumer Price Inflation,0.2,-0.4,-0.2,0.1,0.2,-0.1,1.2,1.4,1.9,1.4,1.4,1.4,9.4,0.6,0.6,2.6,0.4,0.2,-0.3,0.1,11.1,45.2,9.56,16.12,10.1,11.13,7.97,4.39,4.42,-5.53,0.99,5.07,-1.94,-2.18,3.41,-0.25,0.86,4.74,8.11,-3.97,1.47,4.63,6.91,4.91,2.02,-1.1,-0.93,5.18,1.31,2.82,4.54,0.8,15.89,11.19939393939394,6.50878787878788,1.8181818181818181
DEU,134.0,Germany,Inflation,Food Consumer Price Inflation,2.4,3.84,5.71,7.52,4.76,5.26,4.59,4.92,1.42,1.71,4.03,4.81,6.18,2.68,1.45,0.86,0.62,-0.53,0.17,2.27,3.0,2.72,2.08,0.5,1.63,1.0,0.6,1.38,1.06,-1.27,-0.71,4.48,0.83,-0.16,-0.31,0.03,2.03,3.81,6.07,-1.3,1.25,2.77,3.38,3.89,1.01,0.6,0.81,2.76,2.28,1.2,2.26,3.16,12.09,8.666060606060606,5.242121212121212,1.8181818181818181
DMA,321.0,Dominica,Inflation,Food Consumer Price Inflation,14.8,2.0,2.5,13.4,37.7,18.0,10.7,7.1,5.0,20.9,37.8,15.7,1.9,-0.5,1.7,0.3,2.2,8.4,3.1,8.0,-1.8,5.1,8.5,2.1,-1.2,1.7,1.9,3.6,0.0,0.3,-0.3,1.5,1.5,0.4,2.8,2.5,4.1,5.3,11.7,5.5,5.5,3.74,3.74,1.59,1.09,0.72,0.01,-0.22,2.16,1.88,0.58,1.5549090909090908,2.5298181818181815,,,5.454545454545454
DNK,128.0,Denmark,Inflation,Food Consumer Price Inflation,8.5,6.44,9.13,13.4,11.77,11.16,10.81,13.35,8.94,5.41,10.04,11.86,10.16,5.32,8.82,4.17,2.03,0.88,3.62,4.18,0.25,0.66,1.73,-0.3,2.93,3.06,1.66,3.49,2.07,0.67,2.54,3.86,2.18,1.42,-1.02,0.65,2.72,4.46,7.57,-0.09,0.37,3.96,4.29,0.43,-0.87,1.04,0.1,2.81,0.04,1.39,0.64,0.58,11.16,8.046060606060607,4.932121212121213,1.8181818181818181
DOM,243.0,Dominican Republic,Inflation,Food Consumer Price Inflation,5.5,5.1,6.0,18.4,17.7,17.7,-2.8,9.3,-3.0,10.9,15.3,0.4,7.9,6.5,21.9,43.5,11.9,20.5,56.7,47.6,49.6,48.8,0.3,3.0,6.8,14.5,4.5,7.6,6.5,5.4,-0.1,4.39,4.6,27.8,71.18,-2.8,3.27,4.2,15.8,3.26,4.17,9.14,5.0,4.65,3.91,6.74,2.15,2.31,3.61,3.75,6.35,9.87,11.18,8.059393939393939,4.9387878787878785,1.8181818181818181
DZA,612.0,Algeria,Inflation,Food Consumer Price Inflation,5.6,2.7,4.0,11.2,7.1,11.5,14.4,15.9,19.1,13.5,10.9,18.3,7.4,5.4,7.6,12.4,17.0,7.6,3.8,9.1,23.8,21.1,25.9,23.7,41.1,28.8,21.7,4.8,6.9,0.9,-2.1,4.4,1.8,4.5,4.9,0.2,4.22,6.36,7.5,8.23,4.24,5.9,12.96,2.98,4.54,3.6,2.62,5.61,1.74,0.64,0.22,10.13,13.72,9.752727272727274,5.785454545454546,1.8181818181818181
ECU,248.0,Ecuador,Inflation,Food Consumer Price Inflation,3.3,6.5,11.1,20.3,32.4,18.6,9.5,15.6,10.3,10.0,11.0,11.1,17.1,77.9,37.0,30.7,23.2,28.7,64.3,88.0,47.4,48.2,54.2,41.8,24.8,21.0,22.2,36.1,39.64,39.05,120.82,31.71,8.2,2.42,1.38,2.7,5.68,3.25,16.84,5.89,4.83,6.73,5.81,1.78,4.52,4.21,2.54,0.5,-1.63,0.04,0.76,-0.85,4.93,3.8927272727272726,2.8554545454545455,1.8181818181818181
EGY,469.0,"Egypt, Arab Rep.",Inflation,Food Consumer Price Inflation,6.8,5.4,2.8,6.8,16.9,12.2,14.8,14.3,9.6,7.5,26.7,14.2,14.5,18.5,16.6,18.4,24.5,22.6,20.6,25.4,15.9,16.6,8.6,7.4,9.3,10.3,7.6,4.1,3.9,3.8,2.5,1.1,4.2,6.7,5.87,5.05,10.15,12.96,23.97,16.03,19.87,15.49,9.21,12.42,12.29,10.67,16.66,38.66,13.3,7.08,-0.2,4.6,22.19,15.399393939393939,8.608787878787878,1.8181818181818181
ESP,184.0,Spain,Inflation,Food Consumer Price Inflation,3.7,7.75,9.23,12.75,14.26,17.03,18.54,23.63,19.15,10.15,9.09,13.61,15.01,10.69,12.57,9.53,10.62,5.04,3.7,7.67,6.5,3.5,3.68,4.14,5.41,4.85,3.41,-0.7,1.14,1.29,2.04,5.88,4.7,4.1,3.87,3.16,4.11,3.69,5.88,-1.05,-0.84,2.05,2.33,2.79,-0.35,1.17,1.4,1.23,1.65,1.03,2.36,1.85,11.24,8.09939393939394,4.958787878787879,1.8181818181818181
ETH,644.0,Ethiopia,Inflation,Food Consumer Price Inflation,15.3,-0.1,-12.0,12.8,8.6,4.5,41.9,16.7,17.1,18.0,5.2,4.6,6.0,0.7,11.0,25.3,-15.2,-6.1,7.9,6.5,5.2,41.3,11.9,1.4,10.2,12.3,-4.9,1.8,1.8,9.3,-1.1,-15.2,2.6,25.07,3.36,12.84,13.61,21.96,60.01,3.3,1.51,39.17,28.1,5.79,5.39,12.14,6.52,11.36,12.52,18.94,23.08,31.78,38.23,26.092727272727274,13.955454545454547,1.8181818181818181
FIN,172.0,Finland,Inflation,Food Consumer Price Inflation,1.5,4.3,9.43,11.93,15.95,20.67,16.32,17.51,4.46,4.19,12.86,12.86,12.34,6.79,7.66,7.17,3.88,2.34,1.72,3.6,3.68,2.86,-0.08,-0.64,0.19,-7.91,-1.79,1.39,1.73,-0.39,1.06,4.42,2.88,0.64,0.74,0.31,1.39,2.08,8.57,2.0,-3.58,6.28,5.16,5.36,0.14,-1.87,-1.14,-0.91,1.91,1.21,1.15,0.57,9.99,7.266060606060606,4.542121212121212,1.8181818181818181
FJI,819.0,Fiji,Inflation,Food Consumer Price Inflation,4.2,9.1,11.6,20.2,15.6,12.4,3.2,7.5,5.2,6.0,15.3,12.8,9.3,5.9,4.6,8.3,-1.8,6.1,18.4,10.0,8.2,1.6,-0.4,6.8,0.5,0.7,2.3,4.7,7.7,1.8,-3.2,4.1,0.5,6.2,3.8,1.7,1.8,9.7,11.5,6.7,4.1,10.58,4.32,3.53,1.92,4.77,5.99,-2.15,1.08,4.88,-2.38,6.5,5.35,4.172727272727273,2.9954545454545456,1.8181818181818181
FRA,132.0,France,Inflation,Food Consumer Price Inflation,6.3,6.03,7.71,9.85,12.51,11.48,11.1,12.76,9.05,9.22,10.41,14.08,13.25,9.48,8.31,5.39,3.38,3.15,2.36,4.3,3.14,2.79,0.37,-0.15,0.8,1.21,1.12,1.79,1.7,0.43,2.2,5.52,2.73,2.28,0.49,0.16,1.67,1.45,5.06,0.08,0.78,1.99,2.89,1.15,-0.84,0.4,0.55,1.09,1.97,2.45,2.03,0.62,6.76,5.112727272727272,3.4654545454545453,1.8181818181818181
GAB,646.0,Gabon,Inflation,Food Consumer Price Inflation,2.4,6.4,6.1,6.8,7.5,7.325,7.15,,,,,,,,,,5.4,-0.2,-13.3,9.1,11.6,0.4,-16.5,1.7,31.0,7.9,1.0,6.3,3.0,-0.6,0.5,5.0,0.2,1.9,-1.9,0.2,0.9,2.3,7.8,3.7,4.4,4.03,5.68,-0.42,3.0,2.83,-0.09,-0.72,1.85,3.1,1.67,1.35,5.25,10.772727272727273,16.295454545454547,21.818181818181817
GBR,112.0,United Kingdom,Inflation,Food Consumer Price Inflation,6.9,11.47,8.92,15.37,18.02,24.97,19.85,18.79,7.81,12.62,13.56,8.69,7.76,3.67,5.88,4.02,3.33,3.13,3.37,5.62,8.06,5.28,2.14,1.66,0.86,3.65,3.16,-0.17,1.03,0.25,-0.48,3.76,0.82,1.29,0.79,1.52,2.4,4.51,9.16,5.47,3.42,5.5,3.25,3.73,-0.19,-2.58,-2.38,2.25,2.08,10.93,0.72,0.3,10.35,7.506060606060606,4.662121212121212,1.8181818181818181
GHA,652.0,Ghana,Inflation,Food Consumer Price Inflation,5.0,12.4,10.2,20.8,15.9,30.8,67.6,150.6,59.4,61.7,52.3,111.1,36.0,144.5,11.0,-11.1,20.3,38.5,34.1,25.1,40.1,9.0,10.4,25.0,25.9,62.2,35.8,20.9,14.8,8.7,11.8,23.2,18.2,24.7,16.6,15.6,9.2,12.2,15.2,15.7,6.1,6.7,6.75,7.28,6.8,7.48,8.66,7.27,7.82,7.86,11.84,10.31,29.0,19.939393939393938,10.878787878787879,1.8181818181818181
GMB,648.0,"Gambia, The",Inflation,Food Consumer Price Inflation,8.7,3.1,9.7,6.0,13.3,34.4,19.3,12.5,6.3,5.8,5.2,5.3,8.9,13.7,21.3,17.3,60.1,23.4,12.7,6.9,14.1,8.3,8.5,8.7,-1.2,8.7,1.1,1.4,3.6,4.0,0.2,-0.7,18.1,20.4,16.1,3.1,1.85,7.9,6.03,5.38,6.61,6.42,5.04,6.71,6.78,8.27,8.24,8.72,6.34,6.79,6.56,9.6,8.10909090909091,6.618181818181818,,3.6363636363636362
GRC,174.0,Greece,Inflation,Food Consumer Price Inflation,7.67,5.03,3.73,16.17,33.48,11.75,13.78,14.06,14.27,18.73,27.6,30.07,21.12,18.04,18.24,19.46,20.31,12.62,11.13,18.35,20.02,17.76,11.79,9.9,13.25,8.52,6.97,4.18,4.05,2.71,1.89,5.13,5.33,4.98,0.51,0.61,3.74,3.24,5.36,1.91,0.06,3.11,1.51,0.0,-1.68,1.8,-0.22,0.32,0.4,-4.7,1.36,1.36,11.41,8.212727272727273,5.015454545454546,1.8181818181818181
GRD,328.0,Grenada,Inflation,Food Consumer Price Inflation,,,,,,,,,,,19.0,21.5,5.2,5.6,4.6,0.2,2.2,-0.2,5.1,8.4,4.0,1.9,0.6,4.0,4.8,5.2,4.5,0.4,1.7,1.4,-0.7,1.8,-0.4,0.7,3.2,4.12,5.63,6.68,14.42,1.44,3.26,4.42,3.0,0.9,0.82,1.04,-2.34,0.62,0.63,0.4,0.96,1.69,6.722045454545453,11.754090909090907,,21.818181818181817
GTM,258.0,Guatemala,Inflation,Food Consumer Price Inflation,4.0,-1.9,0.1,19.3,15.8,14.6,9.6,11.0,4.6,10.3,11.2,11.2,-2.8,2.0,2.0,21.9,36.0,15.4,14.8,13.3,47.1,32.3,7.2,14.5,16.1,8.8,11.5,6.8,4.6,2.2,4.3,10.5,10.53,5.74,10.28,13.21,7.14,9.89,15.11,2.02,3.45,10.66,7.18,8.38,7.46,9.32,9.94,8.9,7.23,7.82,6.37,4.79,8.62,6.352727272727272,4.085454545454545,1.8181818181818181
GUY,336.0,Guyana,Inflation,Food Consumer Price Inflation,9.94,1.2,8.8,12.0,26.4,8.4,13.8,8.5,17.2,18.9,12.1,27.6,29.3,20.9,29.7,23.6,8.7,30.0,47.0,70.4,53.2,53.2,24.6,7.1,11.4,17.0,7.6,0.8,3.6,8.8,4.1,0.6,3.9,3.9,4.4,7.5,6.8,15.7,14.7,-0.4,1.2159090909090908,2.8318181818181816,,,,,,,,,,,,,,25.454545454545453
HKG,532.0,Hong Kong SAR,Inflation,Food Consumer Price Inflation,,,,,,,,,,,,,12.04,8.53,6.85,0.63,1.61,5.05,9.59,12.5,10.05,11.37,8.96,7.52,6.84,7.14,3.91,3.6,1.93,-1.88,-2.17,-0.79,-2.09,-1.56,1.12,1.76,1.74,4.28,10.14,1.32,2.32,7.01,5.81,4.41,4.14,3.91,3.38,2.18,3.35,4.86,3.29,1.41,4.63,10.965454545454545,17.30090909090909,23.636363636363637
HND,268.0,Honduras,Inflation,Food Consumer Price Inflation,5.2,3.2,4.7,5.2,17.1,9.4,3.9,11.3,6.1,8.0,19.2,7.3,6.7,5.3,0.3,1.6,2.8,0.6,8.3,12.5,26.5,43.7,6.2,12.7,27.3,28.3,24.7,19.8,11.7,7.9,8.31,8.72,3.9,3.57,6.77,10.05,4.24,9.55,17.18,3.58,1.83,6.15,3.01,5.06,6.72,3.25,0.97,1.58,3.52,2.17,4.68,2.9,13.1,9.33939393939394,5.578787878787879,1.8181818181818181
HRV,960.0,Croatia,Inflation,Food Consumer Price Inflation,,,,,,,,,,,,41.6,39.6,45.1,50.0,71.4,91.7,131.9,187.5,1147.8,553.3,122.9,720.6,1357.7,101.1,0.8,3.2,4.4,6.4,0.78,0.32,2.53,0.2,1.65,1.42,4.57,2.52,3.33,9.99,1.62,-1.53,3.54,3.71,3.72,-2.19,0.39,-0.47,2.91,0.99,-0.12,1.93,1.62,15.03,17.292727272727273,19.555454545454545,21.818181818181817
HTI,263.0,Haiti,Inflation,Food Consumer Price Inflation,0.4,7.2,10.0,27.4,12.5,18.6,6.3,7.8,-7.0,15.7,36.4,13.2,0.9,11.0,6.1,11.7,3.3,-18.9,6.4,7.8,22.8,14.6,10.2,27.0,41.2,-4.5,0.2333333333333334,4.966666666666667,9.7,1.9,9.7,15.5,10.3,36.7,28.2,21.1,14.0,8.1,19.7,-2.6,5.0,10.2,6.64,6.49,3.8,9.47,14.69,14.22,13.8,22.23,25.99,19.65,32.58,24.14424242424242,15.708484848484847,7.2727272727272725
HUN,944.0,Hungary,Inflation,Food Consumer Price Inflation,1.0,2.0,1.0,4.8,0.5,1.1,10.2,5.5,3.6,10.3,13.4,2.97,5.14,5.02,12.87,6.42,1.85,9.54,16.12,17.71,34.9,20.78,20.55,29.31,23.55,30.81,17.27,17.48,14.18,2.91,9.22,13.71,5.34,2.69,6.47,2.45,7.72,11.46,10.1,4.37,3.12,6.63,5.9,2.75,-0.36,0.86,0.65,2.74,4.15,5.11,7.25,3.45,25.72,17.75272727272727,9.785454545454543,1.8181818181818181
IDN,536.0,Indonesia,Inflation,Food Consumer Price Inflation,9.2,2.6,10.4,43.4,41.3,20.6,22.0,10.7,7.8,3.0,17.0,14.8,5.9,9.2,9.9,2.4,8.6,11.0,12.9,8.0,7.2,8.0,7.7,7.0,10.8,13.3,8.15,8.66,92.56,25.0,-4.78,8.43,10.83,1.08,5.89,10.3,14.85,10.95,16.96,6.98,9.42,8.55,5.86,11.82,6.82,7.17,7.24,2.13,4.24,3.825,3.41,2.71,6.02,5.225454545454545,4.430909090909091,3.6363636363636362
IND,534.0,India,Inflation,Food Consumer Price Inflation,5.9,3.3,4.5,19.5,27.2,-0.6,-6.0,8.2,3.4,3.0,9.3,12.3,6.7,9.3,8.9,8.3,10.3,9.9,6.2,8.1,10.5,15.7,11.1,12.2,11.2,11.6,4.3,7.9,17.3,-2.4,3.9,1.2,1.4,5.0,4.2,1.9,10.3,10.3,10.1,11.1,10.3,8.6,9.26,12.86,7.09,5.26,5.34,1.82,1.67,3.58,8.75,3.69,7.25,5.4393939393939394,3.628787878787879,1.8181818181818181
IRL,178.0,Ireland,Inflation,Food Consumer Price Inflation,7.6,7.4,11.8,16.5,14.7,21.5,18.95,16.1,9.61,14.71,9.57,14.19,12.43,7.27,9.91,3.25,4.19,2.64,2.58,4.81,1.38,0.73,1.12,-0.33,3.34,2.76,1.7,1.52,4.09,3.03,3.1,6.54,3.47,1.47,-0.27,-0.7,1.39,2.8,6.54,-3.47,-4.56,1.15,0.57,1.06,-2.24,-2.14,-1.33,-2.07,-2.03,-0.67,-1.41,-0.25,6.45,4.906060606060606,3.3621212121212123,1.8181818181818181
IRN,429.0,"Iran, Islamic Rep.",Inflation,Food Consumer Price Inflation,0.6,6.6,8.6,6.9,15.9,12.2,6.8,18.9,18.8,22.5,28.5,29.7,16.9,18.4,9.0,5.3,26.2,23.6,13.7,20.1,3.0,19.0,33.7,21.3,31.8,61.2,25.0,10.2,23.4,24.3,12.0,6.6,16.3,17.7,13.0,13.0,10.3,20.65,31.02,11.87,12.42,26.07,37.99,50.08,13.75,10.52,6.57,12.52,23.13,55.71,27.77,59.22,58.62,39.68606060606061,20.75212121212121,1.8181818181818181
IRQ,433.0,Iraq,Inflation,Food Consumer Price Inflation,3.9,4.2,5.2,5.6,10.1,9.7,11.2,8.2,5.6,10.45,15.299999999999999,,25.0,13.4,5.7,2.4,0.7,23.1,23.5,7.1,64.5,260.8,72.3,215.5,500.8,427.2,-22.9,15.5,11.2,0.0,-3.1,8.2,9.1,16.5,8.7,22.3,29.9,13.9,10.9,7.6,3.1,3.1,2.8975,2.6950000000000003,,2.29,-3.14,-1.84,0.25,0.0,-0.49,4.86,6.92,8.855757575757575,10.791515151515151,12.727272727272727
ISL,176.0,Iceland,Inflation,Food Consumer Price Inflation,15.9,1.9,16.5,30.0,45.2,50.8,36.0,32.5,43.8,32.3,65.9,55.9,46.2,92.9,31.1,37.67,22.9,16.72,33.93,19.04,12.82,2.57,1.34,2.33,-2.23,2.85,3.17,3.3,2.75,3.27,4.12,6.9,4.21,-2.66,1.07,-2.57,7.97,-1.06,15.99,17.53,4.24,3.83,6.09,5.09,0.51,2.84,1.32,-2.42,2.49,3.8,4.9,3.51,6.97,5.252727272727273,3.5354545454545456,1.8181818181818181
ISR,436.0,Israel,Inflation,Food Consumer Price Inflation,3.3,13.13,8.36,20.56,44.47,45.96,27.0,42.06,45.79,79.08,165.87,96.52,114.8,156.09,376.37,311.67,54.68,15.73,17.54,19.88,8.26,14.06,13.33,5.71,11.33,6.9,9.28,9.15,5.86,6.59,2.3,2.26,2.77,2.83,-0.64,1.66,5.1,4.1,12.27,1.07,2.45,3.34,0.53,5.21,-1.35,0.04,-1.27,0.04,0.92,2.08,-0.01,0.99,4.35,3.506060606060606,2.662121212121212,1.8181818181818181
ITA,136.0,Italy,Inflation,Food Consumer Price Inflation,4.3,4.23,7.24,11.97,19.59,19.69,19.0,17.5,13.03,13.82,15.66,16.11,15.26,11.71,9.18,8.79,5.35,3.63,3.45,6.27,6.01,6.39,4.96,2.02,3.58,6.15,3.95,-0.16,1.01,0.95,1.57,4.08,3.64,3.19,2.16,-0.07,1.71,2.9,5.39,1.8,0.2,2.47,2.52,2.37,0.13,1.1,0.17,1.88,1.22,0.77,1.4,0.58,8.75,6.4393939393939394,4.128787878787879,1.8181818181818181
JAM,343.0,Jamaica,Inflation,Food Consumer Price Inflation,6.6,6.6,4.8,24.7,29.2,17.7,8.9,9.4,36.8,33.4,33.4,10.3,6.1,11.8,28.6,25.4,17.7,7.4,9.5,19.7,22.3,54.8,77.6,21.1,38.4,20.3,24.1,7.9,7.0,2.3,7.0,3.19,6.63,9.07,14.34,19.35,6.29,11.91,30.67,13.05,10.1,7.69,10.82,12.5,8.62,7.77,3.98,4.46,4.08,6.33,10.83,6.72,12.59,8.99939393939394,5.408787878787879,1.8181818181818181
JOR,439.0,Jordan,Inflation,Food Consumer Price Inflation,7.8,6.2,11.1,18.8,34.8,15.6,14.6,14.2,3.6,5.9,10.9,8.1,4.7,2.6,1.9,2.3,1.5,-1.5,5.5,20.8,20.5,11.1,3.0,1.9,5.9,2.3,7.0,6.6,4.0,-0.9,-0.7,0.3,0.2,2.6,4.6,5.1,7.4,9.53,19.79,1.7,4.53,4.22,4.56,4.23,0.32,1.12,-3.48,-0.41,3.23,0.28,2.33,0.1,3.68,3.0593939393939396,2.4387878787878785,1.8181818181818181
JPN,158.0,Japan,Inflation,Food Consumer Price Inflation,6.2,5.98,3.81,13.1,27.68,13.02,9.06,6.73,3.52,2.12,6.02,5.31,1.76,2.1,2.85,1.67,0.18,-0.92,0.74,2.19,4.05,4.77,0.52,1.06,0.88,-1.2,-0.14,1.79,1.46,-0.52,-1.96,-0.63,-0.81,-0.17,0.95,-0.94,0.5,0.33,2.6,0.21,-0.35,-0.4,0.09,-0.12,3.82,3.08,1.69,0.72,1.41,0.22,1.2,-0.05,4.66,3.712727272727273,2.7654545454545456,1.8181818181818181
KEN,664.0,Kenya,Inflation,Food Consumer Price Inflation,4.8,4.8,4.8,4.8,17.9,21.0,16.7,12.4,12.2,0.6,21.9,11.9,20.4,9.6,10.9,19.2,3.2,3.8,7.6,9.2,8.6,23.5,35.1,45.2,30.7,-2.2,8.2,15.7,3.6,3.9,10.9,2.4,1.4,16.3,19.0,14.6,27.9,10.9,35.1,27.81,18.89,20.51,9.98,7.26,8.71,11.39,10.08,13.37,1.55,7.96,9.13,8.45,12.8,9.13939393939394,5.478787878787879,1.8181818181818181
KNA,361.0,St. Kitts and Nevis,Inflation,Food Consumer Price Inflation,18.3,1.3,17.0,17.0,31.0,8.9,12.0,21.2,17.7,11.0,14.2,11.0,3.7,2.2,2.9,-0.3,0.1,0.6,0.0,5.0,2.5,5.7,4.7,2.4,3.5,1.1,3.8,9.3,3.9,1.1,2.4,1.75,1.1,1.8,2.6,3.5,7.9,5.6,8.0,2.7,2.4,9.38,2.45,2.11,0.01,-10.7,-6.11,-0.12,2.42,1.94,1.25,0.17,1.0365909090909091,1.903181818181818,,3.6363636363636362
KOR,542.0,"Korea, Rep.",Inflation,Food Consumer Price Inflation,18.5,18.5,13.4,2.7,27.5,31.8,17.9,11.6,16.3,14.0,26.6,27.5,2.4,1.5,1.4,3.7,2.18,3.09,10.55,6.15,9.85,10.99,5.27,3.02,10.2,3.03,3.02,3.98,10.1,4.54,0.84,5.1,4.81,4.65,8.07,3.11,0.53,2.5,4.95,7.58,6.41,8.14,3.96,0.86,0.29,1.65,2.31,3.4,2.77,0.05,4.43,5.89,5.97,4.586060606060606,3.202121212121212,1.8181818181818181
KWT,443.0,Kuwait,Inflation,Food Consumer Price Inflation,15.3,15.3,15.3,15.3,17.9,13.1,6.5,7.1,3.4,5.0,6.4,2.4,7.0,2.6,-0.2,-0.2,0.3,-1.9,0.3,3.9,12.3,10.2,-2.5,-4.5,1.7,2.1,5.8,0.7,0.2,4.6,0.8,0.6,0.7,5.4,3.2,8.5,3.9,4.7,11.7,3.2,8.4,7.54,4.78,4.01,2.9,3.39,1.71,0.16,0.05,1.08,4.88,9.48,7.84,5.832727272727272,3.825454545454545,1.8181818181818181
LAO,544.0,Lao PDR,Inflation,Food Consumer Price Inflation,-6.9,0.6,35.0,40.4,52.1,87.9,86.19285714285715,84.4857142857143,,,,,,,,,,,,64.0,30.4,10.8,11.7,-3.8,2.8,22.4,13.4,25.3,92.9,118.9,62.75,6.6,9.7,15.2,10.4,7.7,7.9,8.1,10.9,1.9,7.7,10.31,5.6,12.6,6.88,4.55,4.29,-0.08,1.24,4.68,9.11,3.02,5.25,13.196969696969695,21.14393939393939,29.09090909090909
LCA,362.0,St. Lucia,Inflation,Food Consumer Price Inflation,9.5,11.8,8.8,18.5,40.5,17.1,10.0,8.1,10.7,9.4,17.4,2.8,19.2,0.4,0.1,-1.4,3.3,11.3,-1.1,4.1,4.7,8.9,5.0,-0.6,4.9,7.6,-0.4,-2.6,4.2,2.9,1.2,3.2,-1.2,2.1,0.8,7.1,3.3,6.39,7.91,3.13,-0.18,2.73,6.51,5.06,2.09,0.23,-3.22,-1.45,3.66,2.17,-2.21,-0.05,3.44,2.8993939393939394,2.3587878787878784,1.8181818181818181
LKA,524.0,Sri Lanka,Inflation,Food Consumer Price Inflation,6.8,1.8,6.0,12.7,14.1,7.7,-1.1,0.6,16.8,10.9,29.0,17.6,12.7,12.4,18.1,0.1,7.2,8.7,15.1,10.3,23.3,11.9,11.9,11.2,8.9,6.9,19.2,10.9,10.9,4.0,4.5,15.2,10.6,5.8,7.8,12.1,13.2,18.2,30.5,2.8,6.8,8.555,10.31,,13.82,5.24,3.07,11.34,-0.22,0.66,12.18,11.2,56.74,40.25090909090909,23.761818181818185,7.2727272727272725
LSO,666.0,Lesotho,Inflation,Food Consumer Price Inflation,15.2,15.2,15.2,15.2,15.2,18.1,10.8,25.3,15.4,9.2,23.9,13.0,13.6,18.3,10.5,12.9,17.8,12.7,9.8,11.2,11.4,18.3,23.6,10.4,6.2,12.7,9.6,9.3,9.0,7.5,4.6,6.5,26.6,5.6,4.0,2.6,8.98,14.15,15.68,8.5,3.5,6.97,9.86,5.38,5.31,6.14,11.84,6.43,4.44,6.83,10.34,9.64,8.56,6.3127272727272725,4.065454545454545,1.8181818181818181
LTU,946.0,Lithuania,Inflation,Food Consumer Price Inflation,,,,,,,,,,,,1.7,4.6,0.8,-0.1,2.3,7.7,5.9,-0.8,0.1,0.1,217.6,1086.5,421.4,59.59,40.23,27.74,6.07,-0.15,-3.95,-2.44,3.54,-0.71,-3.7,2.22,3.92,6.09,11.26,15.93,1.64,-0.45,8.25,3.05,1.67,0.77,-0.86,1.23,3.56,1.44,2.93,2.26,2.77,25.4,24.206060606060603,23.01212121212121,21.818181818181817
LUX,137.0,Luxembourg,Inflation,Food Consumer Price Inflation,5.1,3.53,6.7,7.13,9.0,11.27,12.13,4.03,1.54,2.63,3.6,8.35,10.61,7.95,7.32,3.64,2.87,-1.34,1.1,3.32,3.23,3.1,0.74,-0.29,1.78,2.44,0.84,1.05,2.68,1.21,2.04,4.77,3.91,1.93,1.83,1.64,2.37,3.36,5.37,1.43,0.87,2.56,2.57,3.65,0.56,0.77,1.53,2.82,2.21,1.4,2.73,0.9,6.64,5.032727272727272,3.4254545454545453,1.8181818181818181
MDG,674.0,Madagascar,Inflation,Food Consumer Price Inflation,5.5,7.1,6.7,6.7,15.6,13.7,8.9,9.4,7.3,11.1,15.2,26.7,39.3,28.9,7.5,4.6,12.6,21.1,21.7,10.5,13.8,7.9,10.9,14.2,29.2,44.1,24.7,10.2,16.9,8.7,11.3,1.9,15.0,-3.7,19.3,26.4,6.2,11.8,10.4,8.3,6.4,13.5,5.17,4.96,5.41,6.52,6.39,9.3,10.86,4.82,3.81,7.44,7.74,5.7660606060606066,3.7921212121212124,1.8181818181818181
MEX,273.0,Mexico,Inflation,Food Consumer Price Inflation,5.36,4.45,4.05,15.61,30.86,12.45,12.15,28.92,16.47,18.61,25.25,25.85,53.35,89.39,75.54,59.76,84.81,130.91,110.37,21.58,25.94,19.31,10.66,5.49,4.65,39.63,42.25,19.11,16.02,15.66,5.42,5.06,3.75,5.53,7.22,5.37,3.66,6.62,8.15,8.82,3.31,4.36,8.12,5.17,4.74,3.99,4.47,6.97,4.8,4.39,6.62,7.23,13.29,9.466060606060605,5.642121212121212,1.8181818181818181
MKD,962.0,"Macedonia, FYR",Inflation,Food Consumer Price Inflation,,,,,,,,,,,,,46.6,46.7,40.0,70.4,94.2,105.8,195.2,1264.9,541.6,104.5,1590.6,346.4,123.0,8.6,-0.1,4.2,-0.2,-1.6,-0.4,6.9,1.8,-1.79,-2.88,-1.2,2.06,3.72,14.87,-1.2,0.12,6.16,2.29,3.43,-0.97,0.07,-1.3,0.25,0.82,1.62,2.41,3.13,18.87,20.45878787878788,22.047575757575757,23.636363636363637
MLI,678.0,Mali,Inflation,Food Consumer Price Inflation,1.4,20.7,7.7,29.2,2.1,5.9,8.1,25.0,33.2,-4.1,22.1,12.2,2.3,9.8,12.6,7.7,-4.2,-14.1,8.6,6.25,3.9,3.9,-9.9,-0.9,26.6,14.7,9.0,-1.6,-3.7,-3.7,-4.5,8.0,7.2,-4.1,-7.0,11.3,-0.4,1.84,13.01,3.15,5.12,5.14,8.04,-3.28,-0.21,3.05,-3.27,2.53,2.16,-5.37,2.5,5.18,14.32,10.152727272727272,5.985454545454546,1.8181818181818181
MLT,181.0,Malta,Inflation,Food Consumer Price Inflation,3.0,0.7,4.3,13.9,7.5,7.3,-1.0,19.0,7.6,5.1,21.1,13.0,7.5,-2.0,-1.1,-1.1,2.4,0.7,0.1,-0.6,4.2,1.5,0.2,5.2,3.6,3.3,3.7,1.4,2.0,0.8,1.6,6.0,1.3,1.7,0.21,1.76,2.0,4.36,8.03,6.37,1.02,3.84,4.7,4.78,0.53,2.97,2.16,3.46,2.92,3.62,2.14,2.35,10.02,7.286060606060605,4.552121212121212,1.8181818181818181
MMR,518.0,Myanmar,Inflation,Food Consumer Price Inflation,-7.3,2.4,12.1,30.7,24.9,35.7,17.8,-3.0,-7.4,8.6,1.7,-4.3,3.4,9.3,1.8,9.5,6.3,26.7,20.7,28.4,19.2,37.5,22.5,38.9,20.2,25.9,18.9,30.3,24.8,22.0,-2.5,19.5,68.3,36.3,1.1,9.3,20.6,35.1,29.2,12.3,7.2,3.9,4.8,6.9,5.4,13.09,9.23,4.38,6.58,9.01,3.05,5.61,5.11659090909091,4.623181818181818,,3.6363636363636362
MOZ,688.0,Mozambique,Inflation,Food Consumer Price Inflation,5.6,13.6,14.0,-1.8,22.0,11.7,8.3,6.840000000000001,5.380000000000001,,,1.0,21.8,26.0,25.2,49.5,12.4,16.666666666666668,20.933333333333334,,,,,,,50.8,45.0,5.9,-2.6,-6.3,7.5,10.6,19.6,12.5,10.8,5.4,17.0,10.3,18.86,7.01,15.32,13.18,3.13,5.35,3.83,5.22,27.23,16.39,0.01,3.28,7.6,10.94,12.43,16.165454545454544,19.900909090909092,23.636363636363637
MRT,682.0,Mauritania,Inflation,Food Consumer Price Inflation,6.5,9.6,8.8,11.0,16.1,17.8,19.5,7.4,9.3,11.0,12.2,10.799999999999999,9.4,8.0,9.6,8.614285714285714,7.628571428571428,,,,,2.7,7.5,9.6,3.5,8.0,7.5,4.2,8.8,3.6,3.9,6.5,4.4,6.0,6.0,13.7,5.4,10.5,9.6,2.6,7.6,6.36,4.3,4.41,5.07,5.64,2.28,3.08,4.2,2.72,2.19,5.79,13.0,14.727272727272728,16.454545454545457,18.181818181818183
MUS,684.0,Mauritius,Inflation,Food Consumer Price Inflation,1.4,0.1,6.2,15.6,32.5,16.0,16.0,8.6,6.6,14.3,51.2,14.5,9.5,7.2,9.0,7.2,2.2,2.5,11.7,13.9,10.8,4.2,0.4,13.8,9.3,6.0,5.3,5.3,8.0,6.4,1.3,4.0,2.8,2.8,6.0,5.83,10.04,15.55,15.84,4.08,3.71,5.86,2.16,3.41,4.62,3.24,1.06,3.73,5.81,0.72,6.22,4.33,14.5,10.272727272727273,6.045454545454545,1.8181818181818181
MWI,676.0,Malawi,Inflation,Food Consumer Price Inflation,16.1,11.2,4.2,6.8,16.5,19.1,2.3,1.7,6.3,13.9,24.7,9.8,4.4,15.4,15.7,9.1,15.7,26.8,32.0,15.8,12.8,13.1,28.4,26.4,38.3,92.9,45.3,8.2,27.7,43.0,19.7,17.6,16.16,5.29,7.52,17.27,15.55,7.39,6.96,7.34,5.04,3.13,19.51,25.75,21.24,23.86,24.77,13.64,12.75,15.27,17.34,14.96290909090909,12.585818181818182,,,5.454545454545454
MYS,548.0,Malaysia,Inflation,Food Consumer Price Inflation,2.1,1.5,3.2,15.9,26.1,3.8,2.0,5.5,5.0,2.6,4.6,11.5,7.6,0.8,3.5,-2.4,0.2,-0.5,3.7,3.7,4.3,4.9,6.4,2.4,5.3,4.9,5.7,4.1,8.9,4.6,1.9,0.7,0.7,1.3,2.1,3.7,3.39,3.02,8.84,4.13,2.39,4.81,2.69,3.56,3.34,3.63,3.78,3.98,1.63,1.65,1.27,1.77,5.3,4.13939393939394,2.978787878787879,1.8181818181818181
NAM,728.0,Namibia,Inflation,Food Consumer Price Inflation,,,,,,,,,,,,,,,9.7,5.9,13.9,17.1,14.6,17.5,17.3,5.9,19.7,6.5,13.2,11.6,6.7,7.7,2.7,5.6,6.9,11.5,19.5,9.06,0.98,1.3,6.49,11.94,16.79,10.54,3.17,4.93,9.04,6.51,8.26,5.64,10.77,5.6,3.18,4.3,5.22,5.73,7.18,13.877575757575755,20.57515151515151,27.27272727272727
NCL,687.0,New Caledonia,Inflation,Food Consumer Price Inflation,4.3,4.6,3.8,4.3,9.7,13.8,15.4,12.0,12.3,16.2,10.9,10.1,12.0,4.4,7.1,12.4,3.9,-4.1,-10.2,1.6,6.6,9.5,-0.2,1.1,44.1,9.1,12.2,5.6,5.6,-5.3,3.1,7.1,4.5,-4.7,-1.5,14.9,-1.82,-0.53,20.36,11.17,0.33,3.43,3.23,4.44,-1.27,0.46,-1.21,0.75,-0.57,-4.59,-0.21,7.47,8.15,6.039393939393939,3.9287878787878787,1.8181818181818181
NER,692.0,Niger,Inflation,Food Consumer Price Inflation,4.3,4.6,3.8,4.3,9.7,13.8,15.4,12.0,12.3,16.2,10.9,10.1,12.0,4.4,7.1,12.4,3.9,-4.1,-10.2,1.6,6.6,9.5,-0.2,1.1,44.1,9.1,12.2,5.6,5.6,-5.3,3.1,7.1,4.5,-4.7,-1.5,14.9,-1.82,-0.53,20.36,11.17,0.33,3.43,3.23,4.44,-1.27,0.46,-1.21,0.75,-0.57,-4.59,-0.21,7.47,8.15,6.039393939393939,3.9287878787878787,1.8181818181818181
NGA,694.0,Nigeria,Inflation,Food Consumer Price Inflation,23.6,26.2,1.5,-2.3,19.9,42.9,22.7,18.6,17.5,8.4,7.1,26.1,8.9,23.2,42.9,3.9,0.1,17.8,54.1,52.6,3.7,11.9,46.5,57.9,46.8,72.1,30.14,11.52,3.64,1.1,2.77,28.58,13.9,6.4,14.45,22.78,5.58,2.13,15.92,14.7,14.86,10.19,11.18,9.51,9.45,9.86,14.83,19.45,14.32,13.68,16.08,20.3,20.06,13.979393939393937,7.898787878787877,1.8181818181818181
NIC,278.0,Nicaragua,Inflation,Food Consumer Price Inflation,,,,,13.1,7.7,1.1,14.8,3.6,63.3,49.1,29.0,29.1,41.4,41.6,246.8,887.0,990.7,2469.3,3947.9,7296.6,2751.2,22.9,11.5,7.8,12.0,11.4,9.1,14.3,5.4,5.0,8.6,3.2,4.3,10.7,11.5,9.1,17.2,29.4,2.4,4.5,9.11,8.6,9.39,7.87,4.74,1.52,0.58,4.18,4.58,5.13,6.38,15.64,14.063030303030303,12.486060606060606,10.909090909090908
NLD,138.0,Netherlands,Inflation,Food Consumer Price Inflation,8.0,4.67,6.59,7.93,7.12,8.05,9.74,5.59,0.37,2.19,4.38,5.7,5.71,0.17,3.22,0.3,-1.24,-2.05,0.22,1.13,2.21,3.4,1.77,-0.31,1.87,0.38,-0.12,1.63,2.34,1.31,0.08,7.04,3.28,1.11,-3.47,-1.29,1.64,1.03,5.63,1.08,-0.08,2.21,2.02,2.41,-0.06,0.65,0.95,2.66,0.79,4.05,1.9,-0.21,10.15,7.372727272727273,4.595454545454546,1.8181818181818181
NOR,142.0,Norway,Inflation,Food Consumer Price Inflation,13.1,6.0,7.0,7.0,8.2,15.3,10.1,8.5,5.8,4.1,8.66,16.75,13.91,7.92,6.91,6.43,9.2,7.59,6.36,2.81,3.41,1.84,1.63,-0.96,1.4,1.57,1.56,3.37,4.8,2.85,1.9,-1.91,-1.71,3.36,1.81,1.6,1.39,2.71,4.21,4.18,0.21,-0.09,1.21,1.05,3.09,2.89,2.58,0.01,2.53,1.07,3.27,-2.03,6.1,4.672727272727273,3.2454545454545456,1.8181818181818181
NPL,558.0,Nepal,Inflation,Food Consumer Price Inflation,-4.0,-4.0,9.9,11.7,18.1,4.9,-7.8,12.3,8.4,1.6,17.0,10.7,12.9,13.6,0.3,6.8,22.7,12.4,8.1,10.4,7.1,19.6,16.1,6.0,8.2,7.7,10.3,5.2,15.4,7.7,-2.7,1.3,3.0,5.4,2.5,6.6,7.3,8.1,13.8,17.2,15.37125,13.5425,,,,,,2.57,2.76,5.63,7.22,4.08,7.23,9.668484848484848,12.106969696969696,14.545454545454545
NZL,196.0,New Zealand,Inflation,Food Consumer Price Inflation,9.1,9.12,4.77,11.23,11.53,10.59,18.55,17.0,10.74,17.27,20.46,16.77,12.37,4.03,5.22,14.4,10.23,11.9,5.78,9.09,7.39,0.32,-0.14,1.22,-0.67,1.13,1.33,2.22,3.55,0.91,1.09,6.67,2.91,-0.44,0.36,1.24,2.98,3.98,8.44,6.05,0.95,5.2,-0.72,0.43,0.31,-0.06,-0.6,2.17,-0.24,1.08,3.18,1.76,7.6,5.672727272727273,3.7454545454545456,1.8181818181818181
PAK,564.0,Pakistan,Inflation,Food Consumer Price Inflation,7.4,5.2,12.0,30.0,26.9,21.6,5.9,12.0,5.7,5.8,6.9,12.6,1.1,5.8,6.6,4.8,2.6,6.0,11.7,8.7,8.6,10.6,10.8,10.5,14.2,14.4,9.3,12.0,5.7,3.9,3.2,1.8,2.5,2.5,10.7,9.9,8.5,10.8,27.6,13.3,17.02,14.56,8.48,8.17,5.79,0.55,2.46,3.29,2.19,11.63,15.38,10.51,22.68,15.726060606060607,8.772121212121212,1.8181818181818181
PAN,283.0,Panama,Inflation,Food Consumer Price Inflation,3.0,2.5,4.5,9.8,22.8,6.8,1.4,3.0,6.2,10.2,12.6,9.0,6.0,2.3,1.5,0.3,0.4,2.6,1.1,-0.4,1.3,2.4,3.5,0.3,1.5,0.5,0.7,0.7,0.4,-0.1,0.7,-0.4,-0.6,1.2,1.3,4.2,1.31,6.72,14.93,5.77,2.87,5.91,8.08,5.75,3.04,-1.69,1.47,-0.54,-0.64,0.49,-0.82,1.64,3.38,2.8593939393939394,2.338787878787879,1.8181818181818181
PER,293.0,Peru,Inflation,Food Consumer Price Inflation,5.8,7.2,7.7,9.8,18.7,32.9,32.0,40.6,59.4,74.2,58.8,76.4,52.9,125.7,106.3,149.9,85.1,65.6,545.2,2765.0,7002.2,346.8,71.4,49.3,18.2,9.4,12.2,7.1,8.3,-0.3,0.8,0.5,-0.3,0.8,5.6,0.9,2.4,2.5,9.2,4.2,3.69,3.75,4.17,3.19,3.81,4.58,4.1,0.31,-0.37,1.7,1.89,4.68,4.419090909090909,4.158181818181818,,3.6363636363636362
PHL,566.0,Philippines,Inflation,Food Consumer Price Inflation,33.4,33.4,18.0,15.9,32.7,5.4,10.3,9.7,6.2,14.9,14.9,17.9,6.8,4.6,50.8,23.4,-1.6,3.8,10.0,13.2,11.6,15.5,7.0,5.7,7.9,7.94,10.51,2.92,8.17,4.47,3.08,3.62,2.01,0.99,6.01,6.34,5.18,3.72,12.94,6.27,3.98,5.48,2.59,2.53,5.77,1.89,1.58,3.05,6.85,2.06,2.73,4.56,5.47,4.252727272727273,3.0354545454545456,1.8181818181818181
PNG,853.0,Papua New Guinea,Inflation,Food Consumer Price Inflation,1.4,4.1,6.8,9.9,32.8,7.2,5.4,3.6,4.4,5.2,14.3,8.7,4.9,5.0,7.2,3.9,2.5,2.4,3.9,3.9,9.6,7.8,3.3,2.4,1.9,18.0,13.8,6.4,13.4,17.0,13.6,9.6,17.1,13.3,0.5,3.5,5.3,0.6,16.6,7.2,5.4,-0.54,-1.06,-1.72,4.9,4.86,5.07,2.83,0.81,3.01,2.23,4.36,5.68,4.392727272727273,3.1054545454545455,1.8181818181818181
POL,964.0,Poland,Inflation,Food Consumer Price Inflation,2.2,1.9,-0.1,1.0,10.0,0.9,3.4,5.1,10.3,8.1,10.7,30.1,126.3,20.3,13.4,11.8,15.0,23.2,54.5,300.8,533.3,51.0,36.8,32.5,32.6,27.2,17.74,12.39,7.01,1.71,9.71,4.65,-0.66,-1.19,6.2,2.17,0.63,4.5,5.67,4.56,2.76,5.11,4.11,1.94,-0.92,-1.63,0.89,4.35,2.56,4.85,4.73,3.18,14.81,10.47939393939394,6.1487878787878785,1.8181818181818181
PRT,182.0,Portugal,Inflation,Food Consumer Price Inflation,4.9,8.73,10.15,8.33,33.15,23.31,21.61,35.8,18.72,26.92,15.82,19.47,24.83,26.42,32.1,17.62,8.49,8.58,7.62,10.46,14.05,7.83,6.03,0.92,3.69,2.72,2.03,0.16,3.74,2.17,2.12,6.47,1.53,2.31,1.12,-0.57,2.69,2.45,3.72,-3.44,-0.24,2.1,3.2,1.94,-1.34,1.01,0.49,1.53,0.74,0.32,2.09,0.74,12.33,8.826060606060606,5.322121212121212,1.8181818181818181
PRY,288.0,Paraguay,Inflation,Food Consumer Price Inflation,-1.9,8.5,11.0,21.8,24.7,4.6,4.2,11.2,12.9,29.6,18.9,10.4,3.5,17.1,28.9,27.5,43.6,23.8,23.8,20.4,46.4,19.9,14.9,17.2,21.1,14.3,5.2,3.8,11.73,3.12,8.67,4.11,10.89,22.79,7.66,5.74,15.67,17.41,15.82,0.6,8.51,13.33,-1.89,3.22,6.45,2.95,5.86,5.74,3.9,1.16,1.21,9.22,16.65,11.706060606060605,6.762121212121212,1.8181818181818181
QAT,453.0,Qatar,Inflation,Food Consumer Price Inflation,,,,,,,,,,,,,6.0,4.0,3.8,1.2,0.8,1.4,1.9,4.2,1.5,6.1,-0.1,-7.2,-5.1,11.1,4.4,-0.6,4.1,-0.1,0.4,-0.2,1.3,-0.4,3.6,3.2,6.9,7.4,19.9,11.0,2.1,3.46,3.13,2.3,0.23,0.84,-1.85,1.92,-0.05,0.02,0.26,2.67,4.76,11.052121212121211,17.344242424242424,23.636363636363637
ROU,968.0,Romania,Inflation,Food Consumer Price Inflation,1.1,1.5,0.6,1.2,1.7,0.4,0.6,0.9,0.9,0.8,4.0,1.6,33.5,9.8,-11.3,1.2,1.3,1.7,2.1,1.6,4.5,198.8,236.93,248.85,136.18,31.72,36.39,151.31,48.49,27.92,43.76,35.95,18.5,14.83,9.56,6.16,3.9,3.9,9.22,3.26,2.34,6.02,1.91,2.96,-1.63,-3.8,-2.58,2.48,3.75,4.7,4.8,2.81,15.73,11.092727272727274,6.455454545454545,1.8181818181818181
RWA,714.0,Rwanda,Inflation,Food Consumer Price Inflation,7.0,7.0,5.6,4.4,32.2,31.4,-3.4,3.0,16.2,12.7,0.4,-3.8,-1.7,49.6,8.7,0.9,-9.3,7.8,8.4,2.9,5.1,13.6,7.0,14.5,14.5,14.5,4.2,23.9,8.9,-14.7,0.9,6.0,-1.2,13.8,18.9,10.1,9.92,7.83,16.32,16.25,1.66,6.54,12.41,5.09,1.17,3.86,10.81,9.45,2.88,3.72,15.4,-4.15,25.02,17.286060606060605,9.552121212121211,1.8181818181818181
SAU,456.0,Saudi Arabia,Inflation,Food Consumer Price Inflation,2.9,2.9,1.7,15.9,17.8,18.6,23.1,21.1,-2.4,3.0,6.3,5.7,1.4,0.1,0.7,-3.3,-0.8,-1.0,0.6,2.3,1.8,7.5,3.6,1.7,-1.7,0.3,2.8,2.1,0.2,-3.4,-1.7,0.6,-0.6,2.58,2.76,3.0,5.34,6.97,14.11,1.96,6.27,5.15,4.44,5.83,1.37,0.64,-1.3,-0.83,6.48,2.07,9.0,5.39,3.67,3.0527272727272727,2.4354545454545455,1.8181818181818181
SEN,722.0,Senegal,Inflation,Food Consumer Price Inflation,4.7,7.7,6.6,7.3,18.4,22.4,7.4,6.2,12.4,12.0,11.9,12.4,10.8,12.6,9.2,7.2,7.4,2.1,-2.2,0.5,6.3,4.2,2.3,1.4,43.5,3.9,2.8,3.86,4.31,1.85,1.3,4.91,4.76,-0.61,0.75,3.89,1.37,7.27,13.01,-3.24,3.97,6.66,2.48,1.3,-1.86,1.81,3.31,3.74,1.06,0.98,3.3,2.78,13.94,9.899393939393939,5.858787878787879,1.8181818181818181
SGP,576.0,Singapore,Inflation,Food Consumer Price Inflation,2.1,2.29,2.45,33.15,25.69,1.07,-6.06,4.91,4.78,2.81,7.71,9.58,4.99,0.4,1.53,-1.18,-1.49,-0.16,1.39,1.14,0.77,1.58,1.2,0.96,3.54,2.3,2.11,2.03,0.24,0.87,0.53,0.5,0.03,0.6,2.02,1.29,1.55,2.96,7.73,2.27,1.36,3.05,2.33,2.11,2.91,1.93,2.05,1.4,1.44,1.53,1.86,1.6,4.92,3.8860606060606058,2.852121212121212,1.8181818181818181
SLE,724.0,Sierra Leone,Inflation,Food Consumer Price Inflation,12.8,-3.9,8.7,8.9,18.7,23.2,17.3,7.3,8.2,16.1,14.2,24.3,30.2,65.6,52.7,79.9,77.5,177.5,34.0,66.1,113.5,85.5,42.0,-34.4,34.4,33.3,22.4,6.8,31.8,34.2,-0.3,5.2,-0.8,7.5,7.5,7.3,7.3,11.0,8.51,8.3,8.59,7.75,6.71,5.68,4.66,8.36,12.57,19.44,17.7,8.81,8.55,16.96,26.77,18.452727272727273,10.135454545454543,1.8181818181818181
SLV,253.0,El Salvador,Inflation,Food Consumer Price Inflation,4.9,0.2,1.1,7.5,17.3,20.5,7.0,8.7,10.7,14.7,19.7,17.7,10.7,13.4,14.1,18.9,31.8,25.4,29.4,26.9,25.9,17.9,12.8,5.6,5.6,2.8,14.4,4.2,1.6,-1.5,0.3,4.6,1.9,1.9,6.3,6.2,3.1,6.3,12.1,-4.3,1.02,6.94,0.3,2.39,3.19,1.37,-0.56,0.16,0.53,1.16,1.58,2.27,12.17,8.719393939393939,5.268787878787879,1.8181818181818181
SUR,366.0,Suriname,Inflation,Food Consumer Price Inflation,,-2.0,2.7,22.1,15.9,6.5,9.1,6.5,4.1,12.0,11.3,8.2,3.3,4.5,1.4,9.8,25.6,79.4,4.6,1.6,29.9,18.7,54.9,163.9,387.4,231.7,-7.3,-0.8,14.4,90.5,65.7,24.3,18.1,15.533333333333335,12.966666666666669,10.4,4.8,8.4,24.6,17.450000000000003,10.3,16.6,24.470000000000002,32.34,,,55.95,33.01,8.96,5.24,43.36,61.27,51.96,40.094545454545454,28.22909090909091,16.363636363636363
SVN,961.0,Slovenia,Inflation,Food Consumer Price Inflation,,,,,,,,,,,,49.4,36.0,44.7,53.1,73.3,100.0,123.1,210.3,1288.9,516.0,112.3,205.8,25.7,23.1,15.6,9.04,8.6,8.22,3.72,6.08,9.13,7.51,4.46,0.53,-1.01,2.28,8.02,10.02,0.49,0.7,4.39,4.11,3.6,-0.3,0.83,0.92,2.22,2.67,1.6,3.52,-0.2,11.63,15.026060606060605,18.422121212121212,21.818181818181817
SWE,144.0,Sweden,Inflation,Food Consumer Price Inflation,8.5,9.2,9.08,5.78,6.16,11.8,12.85,14.62,9.53,5.35,11.56,15.02,12.42,11.66,11.65,7.43,7.18,3.09,5.48,5.74,7.2,4.54,-5.14,0.7,1.73,1.43,-6.95,0.38,1.13,1.48,0.0,2.87,3.25,0.32,-0.44,-0.69,0.76,2.03,6.91,2.89,1.45,1.28,1.48,2.21,0.37,2.33,1.05,2.14,2.37,34.36,2.14,0.41,10.65,7.706060606060607,4.762121212121213,1.8181818181818181
SWZ,734.0,Swaziland,Inflation,Food Consumer Price Inflation,2.1,2.3,1.5,15.6,19.9,11.8,5.6,18.7,8.3,13.5,24.7,24.5,9.2,12.0,14.4,12.8,11.8,15.4,12.9,12.9,16.5,13.3,11.7,13.4,19.6,20.4,12.0,12.0,4.1,4.9,6.7,6.5,21.9,12.2,6.9,8.7,14.7,17.6,18.9,10.23,0.42,5.96,13.11,5.69,6.35,4.15,15.07,7.1,1.95,2.15,3.003787878787879,3.8575757575757574,,,,7.2727272727272725
SYC,718.0,Seychelles,Inflation,Food Consumer Price Inflation,18.4,18.4,28.6,23.6,22.1,22.1,16.7,13.8,9.8,4.4,14.7,5.7,1.0,6.1,4.3,0.9,0.4,3.2,1.7,1.8,4.8,2.5,1.8,2.8,-7.1,-0.4,-2.9,2.2,2.5,-1.0,1.5,4.9,0.7,9.3,0.8,1.22,6.76,12.51,39.0,40.83,-3.78,4.22,5.96,6.76,0.51,0.48,0.04,0.34,-0.05,-0.01,10.26,9.29890909090909,8.337818181818182,,,5.454545454545454
SYR,463.0,Syrian Arab Republic,Inflation,Food Consumer Price Inflation,4.0,3.8,0.0,22.1,15.1,18.5,11.3,13.0,5.1,5.7,19.2,19.4,14.6,4.2,6.6,18.9,41.8,63.7,31.6,12.0,19.0,6.0,6.6,12.4,14.2,6.9,9.0,2.4,-2.3,-4.0,-2.0,0.2,-0.6,2.3,5.2,8.6,12.7,9.1,20.7,0.3,4.7,6.083636363636364,7.467272727272727,,,,,,,,,,,,,25.454545454545453
TGO,742.0,Togo,Inflation,Food Consumer Price Inflation,3.9,10.4,7.8,2.1,12.3,23.9,17.6,26.8,-8.6,6.9,12.9,25.8,13.5,11.3,-10.3,-8.2,4.1,-0.9,14.7,-17.7,1.9,-4.2,3.1,-0.4,31.7,27.8,5.8,14.2,-3.0,-5.0,-3.4,5.2,3.9,-5.7,-1.2,1.83,2.47,3.89,5.67,9.5,-0.34,1.15,3.37,0.57,-4.35,5.88,3.15,-4.15,0.31,-0.52,3.39,9.83,12.07,8.652727272727272,5.235454545454545,1.8181818181818181
THA,578.0,Thailand,Inflation,Food Consumer Price Inflation,0.2,0.6,6.4,14.4,28.5,4.0,5.5,9.38,8.68,9.17,19.47,10.78,2.8,4.95,-1.17,-2.4,0.59,2.18,5.14,8.35,7.82,7.07,4.46,2.23,6.88,8.1,8.89,6.97,9.3,-0.83,-1.12,0.65,0.44,3.69,4.52,4.95,4.56,4.04,11.59,4.4,5.44,7.96,4.85,3.41,3.94,1.13,1.61,0.0,0.41,2.31,1.23,-0.13,6.49,4.932727272727273,3.3754545454545455,1.8181818181818181
TON,866.0,Tonga,Inflation,Food Consumer Price Inflation,-2.5,0.9,9.5,30.9,16.9,7.4,3.3,18.0,13.0,2.5,21.8,20.9,14.9,9.7,-6.4,18.9,25.5,3.5,10.0,-1.3,7.6,6.3,12.3,-3.9,-0.8,3.1,7.3,3.1,6.2,5.4,0.3,11.8,16.8,9.6,9.1,6.0,2.94,7.35,7.69,7.85,2.98,6.57,1.47,1.86,3.65,1.86,1.33,8.6,9.1,1.73,1.9,7.24,10.24,7.4327272727272735,4.625454545454546,1.8181818181818181
TTO,369.0,Trinidad and Tobago,Inflation,Food Consumer Price Inflation,4.3,4.6,11.5,19.0,30.0,16.9,11.9,6.9,9.1,13.8,19.3,16.6,13.6,5.0,10.0,8.5,10.6,19.4,12.8,22.5,17.1,6.1,8.65,18.89,17.6,16.82,10.09,10.2,14.95,8.62,8.31,14.03,10.12,13.65,12.88,22.99,23.13,17.45,25.9,12.68,22.07,10.47,19.09,8.73,10.04,8.56,7.47,2.92,1.12,0.57,2.8,4.4,9.04,6.632727272727273,4.225454545454546,1.8181818181818181
TUN,744.0,Tunisia,Inflation,Food Consumer Price Inflation,10.2,10.2,1.9,7.3,0.0,0.8,16.5,4.7,6.2,9.3,13.6,8.9,13.3,8.0,9.7,9.2,5.8,6.5,7.9,8.4,6.9,8.5,4.3,2.7,4.3,8.3,3.8,4.2,2.7,2.3,4.6,2.0,4.0,3.4,4.9,0.1,5.4,2.8,6.2,4.3,9.39,4.58,7.03,7.18,4.95,4.51,2.72,5.63,7.25,6.87,4.66,6.34,9.72,7.086060606060606,4.452121212121212,1.8181818181818181
TUR,186.0,Turkey,Inflation,Food Consumer Price Inflation,7.8,13.23,13.19,23.73,15.63,26.82,19.9,29.56,44.31,55.12,107.74,35.91,31.23,26.95,62.39,37.88,27.16,43.03,70.83,69.29,64.35,67.11,71.34,63.51,111.87,96.8,71.61,90.92,84.48,47.55,46.63,49.08,49.58,22.66,6.81,4.93,9.7,12.42,12.79,8.02,10.58,6.24,8.41,9.1,12.62,11.15,5.79,12.7,17.96,19.54,13.85,24.28,85.17,57.38606060606061,29.60212121212121,1.8181818181818181
TZA,738.0,Tanzania,Inflation,Food Consumer Price Inflation,2.2,5.8,9.1,11.4,35.3,30.6,-0.2,13.9,13.6,11.0,27.2,23.5,32.8,27.2,37.8,29.2,34.8,30.6,34.8,30.2,35.0,31.9,21.2,22.8,32.4,33.4,20.4,17.5,14.7,8.8,6.8,6.1,4.1,6.53,8.24,4.74,7.0,7.01,12.65,17.53,7.64,15.97,20.59,8.47,7.43,8.41,7.5,9.12,2.96,2.86,4.79,4.26,6.87,5.1860606060606065,3.5021212121212124,1.8181818181818181
UGA,746.0,Uganda,Inflation,Food Consumer Price Inflation,13.2,24.7,-5.5,18.6,75.5,23.5,62.0,79.5,72.66666666666667,65.83333333333333,,,,38.5,41.8,174.8,128.4,197.0,197.1,108.14999999999999,19.2,23.9,65.3,-4.0,15.9,4.6,6.6,18.1,-2.0,6.9,1.0,-0.66,3.24,-0.21,-3.07,-6.87,5.94,2.66,19.85,25.25,2.66,29.26,13.61,2.25,3.82,7.43,5.53,10.1,-1.19,-0.2,1.76,0.67,12.64,12.66909090909091,12.698181818181817,12.727272727272727
UKR,926.0,Ukraine,Inflation,Food Consumer Price Inflation,0.0,0.4,0.2,0.1,0.5,0.1,-0.1,0.0,1.1,0.6,0.9,1.2,2.9,1.0,-0.2,1.8,4.7,4.7,-0.1,0.6,1353.975,2707.35,,5414.1,799.2,355.9,58.3,11.6,11.8,27.8,34.5,14.4,0.0,6.2,11.3,16.6,5.31,9.64,35.68,11.94,10.88,6.42,-2.13,-2.16,12.05,45.92,8.96,12.88,11.15,8.0,2.74,10.79,25.26,19.264242424242425,13.26848484848485,7.2727272727272725
URY,298.0,Uruguay,Inflation,Food Consumer Price Inflation,11.7,24.5,93.8,83.15,72.5,70.9,47.6,64.0,44.5,70.9,57.9,25.6,11.7,54.1,68.8,63.0,61.3,59.6,57.9,80.6,120.6,85.4,60.0,51.4,40.6,41.5,23.6,18.4,10.5,2.82,6.27,3.02,15.03,22.53,11.39,3.04,5.64,16.15,13.7,5.2,5.99,9.54,8.39,10.68,10.42,9.47,9.62,2.81,8.34,8.76,13.76,6.8,10.95,9.118181818181817,7.286363636363635,5.454545454545454
USA,111.0,United States,Inflation,Food Consumer Price Inflation,5.4,3.07,4.13,13.29,13.76,8.44,3.09,5.96,9.77,10.71,8.56,7.77,4.07,2.23,3.76,2.33,3.26,4.07,4.13,5.67,5.76,3.56,1.38,2.09,2.32,2.76,3.25,2.62,2.12,2.15,2.31,3.09,1.84,2.14,3.37,2.43,2.35,3.91,5.37,1.88,0.79,3.58,2.55,1.41,2.31,1.8,0.34,0.88,1.4,0.89,3.51,3.47,11.35,8.172727272727272,4.995454545454545,1.8181818181818181
VCT,364.0,St. Vincent and the Grenadines,Inflation,Food Consumer Price Inflation,4.0,4.0,4.5,21.4,39.6,14.3,11.6,10.5,6.7,12.2,14.4,14.4,5.4,5.4,1.4,-0.6,1.4,3.7,0.6,-0.3,8.0,9.1,3.7,2.5,0.1,3.3,6.6,-0.4,-2.5,0.5,-1.1,1.0,0.6,-0.7,4.7,5.4,3.6,7.4,14.7,2.1,1.3,3.52,3.3,2.0,1.63,-1.21,-0.61,2.47,2.35,0.55,1.66,2.35,2.6715909090909093,2.993181818181818,,3.6363636363636362
VEN,299.0,"Venezuela, RB",Inflation,Food Consumer Price Inflation,1.4,3.5,4.9,7.6,12.7,14.7,8.8,12.4,9.3,16.6,33.1,18.5,9.7,7.8,17.2,22.4,19.2,41.5,39.9,125.8,47.2,37.7,30.5,33.3,58.2,59.9,88.1,46.1,38.8,16.9,10.59,16.2,28.31,37.61,33.81,21.14,20.07,26.83,42.82,27.96,32.97,29.92,24.8,54.15,86.73,218.67,217.74,482.7,38386.0,17710.79,2220.0,1934.56,193.71,129.7460606060606,65.78212121212121,1.8181818181818181
VUT,846.0,Vanuatu,Inflation,Food Consumer Price Inflation,1.7,8.0,10.8,7.6,35.6,2.1,1.8,2.8,9.9,1.6,12.5,35.2,1.8,-3.2,1.9,-2.3,5.9,13.0,11.0,4.1,1.6,2.7,1.0,4.4,0.6,4.1,-1.1,0.7,3.3,1.4,2.0,2.2,0.5,2.2,3.4,-0.5,3.5,3.8,8.0,7.1,4.6,0.47,1.61,1.5,1.68,3.61,2.25,6.81,4.13,5.4,6.74,4.63,4.381590909090909,4.133181818181818,,3.6363636363636362
ZAF,199.0,South Africa,Inflation,Food Consumer Price Inflation,3.9,5.44,6.88,16.09,14.78,15.29,6.11,11.18,12.57,15.9,19.16,21.69,11.18,11.81,10.94,12.13,20.27,22.74,15.65,11.02,16.0,19.64,25.25,6.8,13.74,8.74,6.05,9.46,6.16,4.89,7.82,5.38,17.39,8.07,1.88,2.0,6.1,9.51,15.31,9.53,1.37,7.13,7.15,5.7,7.6,5.12,10.53,6.95,3.58,3.55,4.39,6.1,8.97,6.586060606060606,4.202121212121212,1.8181818181818181
ZMB,754.0,Zambia,Inflation,Food Consumer Price Inflation,6.6,6.6,9.2,7.4,12.1,11.4,22.9,15.5,14.3,6.5,13.3,12.8,24.1,19.8,16.7,36.2,54.5,62.1,62.4,136.3,98.8,89.3,156.2,176.0,51.1,35.2,42.5,21.4,24.6,22.6,22.6,18.9,27.1,22.1,16.4,18.6,4.9,5.3,13.8,14.2,5.2,4.83,7.01,6.52,7.25,11.08,21.26,5.76,7.14,10.44,16.24,27.71,15.68,11.059393939393939,6.438787878787879,1.8181818181818181
ZWE,698.0,Zimbabwe,Inflation,Food Consumer Price Inflation,3.2,2.5,5.0,3.4,10.7,8.3,8.9,9.9,11.7,11.3,9.5,13.4,11.4,20.4,20.8,9.1,12.2,15.9,9.8,14.4,18.0,25.0,57.5,38.8,25.8,27.6,26.9,17.6,39.4,68.0,48.9,60.2,135.1,386.4,369.5,223.9,1034.2,7375.3,7375.3,-15.08,3.83,3.99,4.62,1.69,-3.12,-3.34,-3.26,2.5,14.59,86.12,601.02,105.8,63.31,42.81272727272727,22.31545454545455,1.8181818181818181
AUS,193.0,Australia,Inflation,Official Core Consumer Price Inflation,5.028,-10.91,6.34,8.56,15.55,15.99,13.71,12.73,7.61,7.69,9.32,9.17,11.92,9.81,-8.6,-29.92,-10.7,25.94,7.48,7.49,-4.68,61.44,0.97,1.69,2.01,4.66,2.61,-0.16,-23.18,1.22,4.39,-9.84,4.77,26.14,2.18,2.39,-12.31,31.31,3.83,2.12,58.17,2.45,2.11,1.13,2.57,2.33,27.38,5.54,1.54,1.49,0.44,1.41,5.05,3.9727272727272727,2.8954545454545455,1.8181818181818181
AUT,122.0,Austria,Inflation,Official Core Consumer Price Inflation,3.684,5.19,6.37,7.38,9.84,9.35,10.17,6.08,3.74,3.78,5.51,5.24,5.74,4.28,5.46,3.66,3.65,2.1,2.65,2.7,2.89,3.41,4.34,4.27,3.26,2.28,1.51,1.1,1.2,0.73,1.66,2.61,2.16,1.41,1.78,1.69,0.92,1.62,1.94,1.77,1.41,2.35,2.09,2.07,1.98,1.85,1.47,1.97,1.81,1.65,1.9,2.15,5.28,4.126060606060606,2.972121212121212,1.8181818181818181
BEL,124.0,Belgium,Inflation,Official Core Consumer Price Inflation,5.294,1.03,1.64,18.25,-3.59,-6.48,5.99,7.96,6.15,4.17,-9.19,22.97,7.12,8.37,6.09,11.8,5.72,3.74,2.29,2.62,2.87,4.2,3.55,3.49,2.66,1.76,1.88,-5.34,1.76,1.31,1.83,2.15,-8.18,24.44,1.87,2.14,0.61,1.63,1.94,1.94,1.4,1.81,2.24,1.35,1.57,1.37,1.96,1.52,1.31,3.77,1.48,1.61,4.42,3.5527272727272727,2.6854545454545455,1.8181818181818181
CAN,156.0,Canada,Inflation,Official Core Consumer Price Inflation,3.60821,2.87,4.76,6.33,10.01,10.17,7.99,7.54,7.64,8.36,9.49,11.12,10.7,6.18,3.88,4.05,5.29,4.49,4.7,5.43,4.46,6.23,2.05,1.93,0.14,2.15,1.51,1.61,1.4,1.48,1.68,2.09,2.68,2.42,1.34,1.36,1.27,2.04,1.06,1.69,1.34,1.43,1.35,0.83,1.56,2.55,2.02,1.78,2.02,2.29,1.29,2.4,5.03,3.95939393939394,2.888787878787879,1.8181818181818181
CHE,146.0,Switzerland,Inflation,Official Core Consumer Price Inflation,3.435,6.41,7.25,8.81,8.79,7.25,2.25,1.39,0.92,1.66,3.24,5.4,5.8,3.7,2.8,3.53,2.66,2.06,2.16,3.19,5.33,2.37,1.14,3.79,1.01,1.98,0.9,0.35,0.18,0.03,0.91,1.03,0.63,-0.78,0.8,0.82,0.71,0.63,1.45,1.09,0.22,2.61,0.27,-0.85,-0.01,-0.35,-0.33,0.29,0.37,0.46,-0.25,0.36,1.71,1.746060606060606,1.782121212121212,1.8181818181818181
DEU,134.0,Germany,Inflation,Official Core Consumer Price Inflation,3.631961,5.52,5.49,6.39,6.82,5.72,3.99,3.71,3.0,3.31,5.28,5.77,4.79,3.83,2.49,2.14,0.84,1.21,1.79,2.71,2.53,3.86,5.63,5.43,2.8,2.02,1.61,1.96,1.21,0.62,0.83,0.83,1.56,0.94,1.71,1.06,1.13,1.94,1.44,1.27,0.71,0.92,1.28,1.26,1.37,1.67,1.21,1.23,1.31,1.49,0.96,2.13,3.72,3.086060606060606,2.452121212121212,1.8181818181818181
DNK,128.0,Denmark,Inflation,Official Core Consumer Price Inflation,-5.943670273,5.56,6.36,16.41,14.05,9.63,34.74,10.49,10.61,8.87,10.37,10.19,9.84,8.06,6.48,-1.95,-1.6,-14.04,5.17,4.71,3.38,2.96,2.55,1.76,2.0,1.93,1.8,1.85,1.63,2.48,2.16,2.2,2.52,2.32,1.3,1.38,1.4,1.41,13.46,2.26,1.84,1.81,1.9,1.21,0.87,-19.08,2.05,14.47,0.65,0.76,0.93,1.2,3.87,3.186060606060606,2.502121212121212,1.8181818181818181
ESP,184.0,Spain,Inflation,Official Core Consumer Price Inflation,,,,,9.33,12.120000000000001,14.91,26.41,21.58,19.07,15.55,12.49,14.75,12.3,10.73,9.19,27.86,6.59,6.08,6.84,6.67,-14.97,6.92,5.86,4.41,4.52,11.0,2.6,2.55,2.46,43.94,-22.07,2.84,2.9,35.36,2.48,2.75,44.43,1.04,-3.83,0.57,1.3,24.55,1.08,-0.05,0.52,0.84,1.13,0.93,0.96,0.57,0.57,3.62,6.049696969696969,8.479393939393939,10.909090909090908
FIN,172.0,Finland,Inflation,Official Core Consumer Price Inflation,2.542375088,6.26,6.21,10.5,14.93,17.5,14.37,10.46,8.85,8.33,10.25,10.22,9.01,9.29,7.66,4.94,3.48,4.62,6.5,7.54,6.52,4.77,3.58,2.2,1.54,2.9,0.28,1.09,1.59,1.23,2.56,2.62,1.54,0.61,-0.21,0.19,1.27,2.64,2.55,0.4,1.19,2.04,2.27,0.98,1.46,0.56,0.96,0.66,0.68,0.83,0.5,1.73,3.97,3.252727272727273,2.535454545454545,1.8181818181818181
FRA,132.0,France,Inflation,Official Core Consumer Price Inflation,-1.114381313,-17.58,5.96,7.07,12.15,-1.84,9.19,8.53,9.36,-15.14,13.14,12.5,11.27,9.47,23.59,5.66,4.15,3.97,3.13,3.19,3.07,3.41,3.16,2.64,1.86,1.91,1.92,1.13,2.13,0.3,0.79,-21.75,1.79,2.1,2.17,1.54,1.29,-11.35,14.63,-11.68,17.02,1.1,1.35,0.87,1.0,0.55,0.42,8.94,1.01,0.74,0.97,0.96,2.72,2.4193939393939394,2.1187878787878787,1.8181818181818181
GBR,112.0,United Kingdom,Inflation,Official Core Consumer Price Inflation,-3.41356039,9.11,6.83,8.62,13.83,22.05,15.5,15.5,9.6,13.21,18.23,11.11,8.21,4.42,5.22,6.86,4.53,4.8,5.59,8.3,9.7,5.79,4.11,1.39,2.51,3.33,2.15,1.88,1.44,0.74,0.08,1.07,1.48,1.28,1.07,1.44,1.7,1.9,1.9,1.6,2.0,2.8,2.1,1.9,1.6,1.3,1.6,2.3,1.9,1.7,1.5,2.3,5.26,4.112727272727272,2.9654545454545453,1.8181818181818181
GRC,174.0,Greece,Inflation,Official Core Consumer Price Inflation,9.395973206,2.7,4.56,15.42,24.06,14.27,12.73,11.83,12.0,19.33,23.75,22.67,20.87,20.88,18.5,19.35,1.56,17.6,14.27,12.79,18.49,7.68,16.79,16.01,-12.51,30.31,8.55,7.3,5.98,3.61,2.16,3.35,3.42,5.93,3.18,3.16,2.45,2.74,6.95,2.23,3.39,1.88,0.2,-2.02,-1.24,-1.01,-1.13,0.45,22.3,-2.43,-0.67,-0.62,3.17,2.7193939393939393,2.2687878787878786,1.8181818181818181
GTM,258.0,Guatemala,Inflation,Official Core Consumer Price Inflation,-3.365307093,10.88,0.65,5.97,26.99,14.05,9.8,3.16,1.6,15.19,19.0,10.06,3.22,5.47,4.72,20.54,11.77,11.45875,11.147499999999999,,,,,,,,,,,,,,6.79,4.71,5.71,6.65,5.1,4.85,8.14,2.67,2.49,4.7,3.93,3.78,3.16,3.19,3.12,2.96,2.72,3.04,2.41,3.0,4.25,12.53030303030303,20.81060606060606,29.09090909090909
IRL,178.0,Ireland,Inflation,Official Core Consumer Price Inflation,,,,,,,18.36,12.61,7.67,12.65,19.47,21.26,18.56,11.25,-23.82,5.78,4.56,3.63,2.22,3.91,3.84,3.9,3.83,41.21,2.18,2.59,-3.84,1.43,2.24,1.3,5.67,-11.05,17.0,3.92,2.37,2.45,4.17,5.87,3.26,-4.34,-1.22,26.63,-2.24,0.66,0.93,-12.55,0.96,0.33,0.14,1.13,0.27,1.8,4.67,7.3557575757575755,10.041515151515151,12.727272727272727
ISR,436.0,Israel,Inflation,Official Core Consumer Price Inflation,,11.67,14.63,20.17,36.34,36.15,32.31,32.39,52.22,78.15,114.95,125.13,121.61,145.39,368.6,299.84,51.64,22.57,16.18,18.45,18.12,20.1,12.1,12.1,13.23,10.12,10.89,8.82,5.41,4.54,0.31,1.03,5.95,-0.27,-1.21,0.11,1.43,0.05,2.82,4.25,2.86,2.96,1.26,0.88,0.76,0.5,0.05,-0.02,0.68,0.9,-0.14,1.25,3.85,3.778787878787879,3.7075757575757575,3.6363636363636362
ITA,136.0,Italy,Inflation,Official Core Consumer Price Inflation,17.15182304,5.81,5.65,10.48,16.52,16.88,35.28,-20.3,12.5,15.31,40.72,18.21,17.01,10.57,11.26,9.58,6.98,5.39,5.54,6.38,6.18,5.83,5.65,5.32,4.17,5.05,4.09,2.59,-12.36,-3.55,9.69,10.14,-22.89,2.48,2.13,2.05,1.73,1.91,35.2,-13.39,13.78,-3.33,1.75,1.12,0.83,0.68,-28.62,0.69,0.61,0.6,0.49,0.8,2.79,2.466060606060606,2.142121212121212,1.8181818181818181
JPN,158.0,Japan,Inflation,Official Core Consumer Price Inflation,6.876436,7.01,5.6,11.5,20.62,11.33,9.78,8.55,5.32,3.91,5.9,4.73,3.0,2.45,2.77,2.59,1.68,1.26,1.01,2.5,2.65,2.72,2.45,1.41,0.88,0.4,0.38,1.7,0.71,-0.13,-0.49,-0.88,-0.77,-0.3,-0.39,-0.31,-0.23,-0.14,0.35,-0.78,-1.1,-0.75,-0.49,-0.09,1.98,1.02,0.4,-0.07,0.19,0.45,0.11,-0.73,0.19,0.7327272727272727,1.2754545454545454,1.8181818181818181
KOR,542.0,"Korea, Rep.",Inflation,Official Core Consumer Price Inflation,,,20.5,27.32,41.5,16.02,15.64,9.49,11.86,19.54,28.28,20.64,8.65,4.1,2.1,2.23,3.7,3.03,6.09,6.04,8.44,8.3,6.19,5.16,5.11,4.6,5.09,3.43,5.88,0.33,1.87,3.62,2.97,3.06,2.93,2.35,1.8,2.32,4.26,3.55,1.76,3.18,1.68,1.65,1.99,2.2,1.6,1.48,1.17,0.89,0.35,1.37,3.56,4.191515151515151,4.823030303030302,5.454545454545454
LUX,137.0,Luxembourg,Inflation,Official Core Consumer Price Inflation,4.308878899,4.9,5.21,6.17,-27.7,-2.39,9.57,7.11,3.55,4.16,5.83,7.42,8.84,7.72,6.33,4.15,2.45,1.0,1.83,3.19,3.12,3.39,4.28,4.23,2.63,1.99,7.55,-2.24,4.91,-7.02,31.07,-5.95,-27.15,28.19,-19.78,27.67,12.35,2.12,1.99,2.02,1.58,2.39,2.09,2.08,1.31,1.61,0.95,1.37,0.88,1.8,1.29,1.57,4.04,3.2993939393939393,2.5587878787878786,1.8181818181818181
MEX,273.0,Mexico,Inflation,Official Core Consumer Price Inflation,,,,,,,,,,,27.05,29.52,59.15,102.8,65.99,58.01,86.54,131.8,111.73,20.01,26.29,23.04,14.85,10.55,7.32,34.62,33.23,19.91,16.13,17.15,9.72,6.47,4.49,3.86,3.82,3.54,3.34,3.84,4.72,5.01,3.89,3.21,3.42,2.72,3.18,2.36,2.97,4.68,3.82,3.71,3.2,3.86,5.95,10.633333333333333,15.316666666666666,20.0
NLD,138.0,Netherlands,Inflation,Official Core Consumer Price Inflation,3.841012001,8.46,8.3,8.22,9.74,-1.63,8.46,6.51,4.79,4.48,2.5,5.86,5.44,3.54,3.2,41.02,1.18,0.68,1.05,1.18,2.11,2.8,3.72,34.48,-23.32,3.38,2.72,1.86,2.02,2.26,2.14,3.62,3.39,2.09,1.62,1.33,0.41,1.47,2.2,4.84,1.68,1.68,1.95,2.74,1.48,1.37,32.3,0.95,1.31,7.17,2.17,1.92,4.08,3.326060606060606,2.5721212121212123,1.8181818181818181
NOR,142.0,Norway,Inflation,Official Core Consumer Price Inflation,-26.09815025,-21.812100166666667,-17.52605008333333,-13.24,-10.288333333333334,-7.336666666666667,,,,4.47,10.37,12.31,10.65,8.69,6.03,5.82,7.67,9.31,6.61,4.77,3.92,3.49,2.59,2.91,1.55,2.4,1.06,2.18,2.3,2.21,2.49,3.3,2.02,1.1,0.5,1.39,0.99,1.67,2.31,2.59,1.45,1.83,1.57,1.65,2.47,2.61,3.26,1.73,1.2,2.59,3.14,1.66,3.49,7.175151515151516,10.86030303030303,14.545454545454545
NZL,196.0,New Zealand,Inflation,Official Core Consumer Price Inflation,6.737318,11.03,7.57,7.54,11.14,15.63,16.06,13.17,12.25,12.52,16.13,15.27,17.16,8.37,6.19,15.37,14.99,16.72,6.76,5.31,5.9,2.96,1.15,1.27,2.3,4.32,2.42,0.95,1.05,-0.37,2.3,2.11,2.73,1.83,2.15,2.84,2.78,2.35,1.96,2.61,1.88,2.62,1.3,1.24,1.48,1.27,1.37,1.4,1.15,1.84,2.31,3.71,5.74,4.432727272727273,3.1254545454545455,1.8181818181818181
PRT,182.0,Portugal,Inflation,Official Core Consumer Price Inflation,9.533917427,14.96,11.76,15.58,21.6,-33.34,20.16,27.53,22.4,18.76,14.83,18.2,18.83,21.04,25.47,20.86,2.56,-3.45,12.41,14.59,13.29,14.68,12.41,10.56,13.11,5.31,3.69,5.32,2.33,2.8,2.84,3.54,4.76,3.36,2.51,-17.32,13.24,2.35,1.99,1.12,0.99,-1.11,-20.14,0.19,0.07,-24.85,0.74,1.09,0.67,0.49,-0.04,0.75,5.45,4.239393939393939,3.028787878787879,1.8181818181818181
SGP,576.0,Singapore,Inflation,Official Core Consumer Price Inflation,,,,,,-1.66,9.0,5.05,3.86,12.92,16.79,1.59,-4.4,-2.57,-0.71,-2.68,-11.66,8.26,0.41,-0.09,-1.01,3.65,1.61,1.78,2.53,2.19,1.8,1.54,0.4,0.5,1.49,1.55,-0.05,0.94,1.99,1.26,1.72,2.2,5.67,-0.02,1.52,2.17,2.55,1.71,1.95,0.5,0.9,1.45,1.68,1.04,-0.16,0.93,3.91,6.243030303030302,8.576060606060604,10.909090909090908
SWE,144.0,Sweden,Inflation,Official Core Consumer Price Inflation,6.71755743,6.91,5.76,6.44,9.05,9.82,9.48,11.23,9.73,6.71,12.47,10.98,7.41,8.63,7.7,6.83,4.84,4.71,6.08,6.28,8.83,10.74,4.25,4.51,2.44,2.69,1.44,0.24,-0.54,0.35,0.34,1.84,1.99,1.09,0.18,0.01,0.75,2.56,2.07,-0.95,0.51,3.01,0.87,-0.24,-0.02,0.02,0.9,1.37,1.09,1.52,1.19,1.3,5.47,4.252727272727273,3.0354545454545456,1.8181818181818181
TUN,744.0,Tunisia,Inflation,Official Core Consumer Price Inflation,0.832109272,3.94,1.26,6.19,33.52,10.42,-1.9,2.38,2.24,7.36,12.9,17.86,8.32,4.29,7.03,7.18,4.03,3.868666666666667,3.7073333333333336,,,,,,,,,,,,,1.61,1.68,1.78,2.23,2.22,2.49,2.32,3.27,3.01,2.85,2.88,4.18,4.57,4.27,4.67,4.38,5.42,7.49,6.91,6.66,5.68,7.14,13.85090909090909,20.56181818181818,27.27272727272727
TWN,528.0,"Taiwan, China",Inflation,Official Core Consumer Price Inflation,,,,,,,,,,,,,2.34,1.95,1.73,1.36,0.65,0.63,2.29,3.96,4.58,4.95,3.28,3.13,3.51,3.46,2.9,1.42,0.83,0.77,1.06,0.27,-0.01,-0.69,0.33,0.15,0.52,1.05,1.28,-0.55,0.5,0.76,0.64,0.36,0.37,0.36,0.56,0.7,0.95,0.3,0.22,1.27,1.77,9.058787878787879,16.347575757575758,23.636363636363637
USA,111.0,United States,Inflation,Official Core Consumer Price Inflation,6.245934,4.69,3.06,3.48,8.24,9.22,6.57,6.25,7.31,9.74,12.42,10.47,7.4,3.93,4.94,4.38,4.04,4.12,4.41,4.5,5.03,4.91,3.66,3.3,2.85,2.99,2.7,2.39,2.29,2.08,2.43,2.67,2.32,1.46,1.76,2.17,2.5,2.34,2.3,1.7,0.96,1.66,2.11,1.76,1.75,1.83,2.21,1.84,2.14,2.19,1.7,3.57,6.22,4.752727272727273,3.2854545454545456,1.8181818181818181
AUS,193.0,Australia,Inflation,Producer Price Inflation,4.35,4.92,4.81,8.64,15.29,15.06,11.32,10.17,8.23,14.77,14.02,8.44,8.94,8.07,5.42,6.6,5.58,7.31,9.05,5.11,5.97,1.45,1.54,2.0,0.77,3.62,0.85,1.24,-3.96,-0.91,7.15,3.06,0.22,-1.23,7.66,6.04,6.14,2.29,8.08,-5.5,7.08,8.91,3.72,-0.5,-3.47,-4.94,-1.43,8.49,5.21,1.01,-3.71,5.74,6.74,5.09939393939394,3.458787878787879,1.8181818181818181
BEL,124.0,Belgium,Inflation,Producer Price Inflation,4.82,-0.62,4.11,12.29,16.76,1.25,7.1,2.41,-1.88,6.29,5.78,14.07,13.46,6.71,7.57,2.61,-11.49,-4.96,1.64,6.56,-1.0,-1.05,-1.8,-2.54,1.6,3.27,2.16,3.69,-1.9,0.04,10.56,2.16,0.22,-1.23,7.66,6.04,6.14,2.29,8.08,-5.5,7.08,8.91,3.72,-0.5,-3.47,-2.0,-1.42,8.49,5.21,1.02,-3.71,17.34,38.21,26.07939393939394,13.94878787878788,1.8181818181818181
CAN,156.0,Canada,Inflation,Producer Price Inflation,2.48,1.93,4.47,11.12,18.99,11.37,5.1,7.81,9.25,14.55,13.38,10.18,6.71,3.46,4.54,2.72,0.87,2.78,4.33,2.03,0.29,-1.04,0.47,3.63,6.06,7.37,0.4,0.71,0.38,1.79,4.32,0.97,0.06,-1.22,3.2,1.64,2.27,1.54,4.35,-3.5,1.5,6.94,1.1,0.41,2.49,-0.84,-0.2,3.13,3.85,-0.12,-0.46,13.88,13.49,9.59939393939394,5.708787878787879,1.8181818181818181
CHE,146.0,Switzerland,Inflation,Producer Price Inflation,3.66,3.96,4.08,8.52,13.96,1.23,-1.05,-0.08,-1.36,1.91,4.47,5.61,3.67,1.13,2.93,2.02,-1.26,-0.72,2.14,3.19,2.33,1.3,0.73,0.44,-0.46,-0.09,-1.76,-0.73,-1.23,-1.0,0.95,0.49,-0.48,-0.7,0.68,1.09,2.03,2.31,3.05,-1.51,-0.16,-1.2,-0.46,0.19,-0.82,-3.57,-1.49,-0.47,1.41,-0.32,-0.55,1.22,4.16,3.3793939393939394,2.5987878787878786,1.8181818181818181
COL,233.0,Colombia,Inflation,Producer Price Inflation,8.16,11.47,18.26,27.97,36.0,25.42,22.91,26.71,17.62,27.83,24.19,24.06,25.68,21.72,18.3,24.95,22.02,24.86,28.28,28.22,26.58,27.63,20.08,14.23,17.16,18.13,15.03,15.43,17.32,9.82,13.19,9.4,5.29,9.13,5.16,3.14,4.18,1.02,7.22,1.94,-0.89,8.83,-0.08,-1.28,2.91,3.89,5.4,0.87,5.14,4.34,3.22,8.67,18.29,12.799393939393937,7.308787878787877,1.8181818181818181
DEU,134.0,Germany,Inflation,Producer Price Inflation,4.9,4.23,2.65,6.65,13.39,4.64,3.68,2.77,1.15,4.79,7.56,7.83,5.87,1.46,2.89,2.44,-2.52,-2.49,1.25,3.16,1.72,2.39,1.44,0.16,0.6,1.68,-1.22,1.17,-0.4,-1.01,4.32,5.66,-1.83,3.01,1.22,3.23,4.01,1.22,4.14,-3.3,1.85,4.15,1.72,-0.19,-0.54,-0.54,-1.24,1.94,1.86,0.94,-0.76,7.48,23.76,16.446060606060605,9.132121212121211,1.8181818181818181
DNK,128.0,Denmark,Inflation,Producer Price Inflation,7.87,3.48,5.84,14.7,21.66,5.71,8.17,7.94,4.43,8.93,16.75,15.67,10.69,4.98,7.52,2.69,-6.77,-0.18,3.93,5.74,1.07,0.92,-1.11,-0.52,1.18,2.87,1.1,1.87,-0.54,0.49,6.27,3.86,1.9,-0.41,2.39,7.88,7.45,1.94,12.74,-10.38,7.36,8.6,2.3,1.62,-0.99,-3.68,-1.4,2.5,4.3,-0.65,-2.74,13.64,34.18,23.39272727272727,12.605454545454545,1.8181818181818181
ESP,184.0,Spain,Inflation,Producer Price Inflation,,,,51.68,16.43,9.09,13.29,20.25,16.4,14.51,17.42,15.67,12.41,14.03,12.2,7.95,0.93,0.82,3.0,4.18,2.14,1.54,1.31,2.53,4.27,6.37,1.68,1.03,-0.67,0.69,5.43,1.66,0.35,0.72,3.15,4.5,5.1,3.18,5.74,-3.33,3.97,6.45,3.38,-0.06,-1.46,-1.48,-2.72,4.15,2.41,-0.31,-3.55,14.83,35.15,25.85757575757576,16.565151515151516,7.2727272727272725
FIN,172.0,Finland,Inflation,Producer Price Inflation,4.36,5.05,8.38,17.53,24.35,11.73,8.19,10.12,5.55,9.75,16.38,13.54,7.53,5.81,5.36,4.47,-5.18,0.88,4.06,5.22,3.35,0.29,1.1,2.96,1.37,1.17,-0.94,1.55,-1.46,-0.22,7.17,-0.43,-1.23,-0.13,1.57,3.76,5.69,4.03,5.65,-6.41,4.17,5.59,1.36,-0.37,-0.97,-1.96,-2.3,3.57,4.7,0.31,-4.65,12.71,25.16,17.37939393939394,9.598787878787878,1.8181818181818181
GBR,112.0,United Kingdom,Inflation,Producer Price Inflation,7.05,9.01,5.17,7.49,22.28,22.91,16.51,18.95,8.99,11.82,15.91,10.72,8.52,6.5,5.94,6.22,1.33,3.43,3.68,4.78,6.25,5.34,3.12,3.96,2.5,4.02,2.67,0.97,0.07,0.54,0.37,0.13,-0.4,0.2,2.59,7.9,6.42,1.6,14.73,-0.61,4.79,9.13,2.36,3.25,-7.37,-6.64,1.97,6.11,3.7,0.82,-0.06,5.04,17.17,12.052727272727275,6.9354545454545455,1.8181818181818181
HUN,944.0,Hungary,Inflation,Producer Price Inflation,,,,,,,,,,2.13,15.36,6.3,4.83,4.61,5.3,4.92,6.93,2.85,5.42,14.96,21.47,34.36,10.01,13.95,12.25,28.51,21.83,20.3,11.42,5.04,11.46,6.0,-0.25,1.84,4.03,4.2,7.41,0.78,5.6,4.48,3.68,4.22,4.13,0.76,-0.41,-0.95,-1.7,3.29,5.51,2.13,4.23,13.5,22.12,20.80727272727273,19.494545454545456,18.181818181818183
IND,534.0,India,Inflation,Producer Price Inflation,6.28,5.41,8.49,16.54,28.39,4.15,-1.99,7.45,-0.27,11.73,20.11,12.31,2.4,7.72,8.47,5.96,5.24,6.42,7.21,6.29,9.1,13.5,11.86,7.51,11.85,10.18,4.46,4.52,5.87,3.47,6.22,5.19,2.44,5.33,6.18,4.62,6.0,4.89,8.67,2.35,9.58,9.44,7.32,5.42,3.35,-3.89,-0.05,3.44,4.27,1.88,0.47,10.77,13.56,9.646060606060606,5.732121212121212,1.8181818181818181
IRL,178.0,Ireland,Inflation,Producer Price Inflation,5.52,5.34,10.67,18.4,11.7,26.04,18.38,17.75,9.01,11.86,10.9,16.66,11.83,6.55,7.35,3.96,-0.01,2.44,4.13,4.77,-1.61,0.87,1.63,4.61,1.12,2.55,0.63,-0.57,0.86,0.92,6.15,1.67,-1.14,-8.09,-2.41,-0.49,0.79,-1.99,-1.39,0.44,-0.3,0.68,1.84,-0.41,-1.29,5.38,-1.23,-0.15,-1.77,-1.48,-8.72,-0.93,10.82,7.81939393939394,4.818787878787879,1.8181818181818181
ISR,436.0,Israel,Inflation,Producer Price Inflation,,,,,,,,,53.16,79.05,135.08,122.75,125.73,144.45,396.53,266.07,45.11,18.46,17.56,21.04,11.57,16.05,10.17,8.19,7.89,10.7,8.6,6.29,4.18,7.06,3.64,-0.12,3.87,4.33,5.43,6.25,5.69,3.45,9.6,-6.35,3.98,7.76,4.33,0.42,-1.37,-5.86,-3.62,1.45,3.33,-1.11,-4.9,6.83,13.78,14.64121212121212,15.502424242424242,16.363636363636363
ITA,136.0,Italy,Inflation,Producer Price Inflation,25.12,33.732,42.344,,,68.18,33.01,-22.02,-23.8,18.24,45.61,-51.61,13.14,11.0,10.31,7.7,0.18,2.99,3.55,5.86,4.15,3.34,1.89,3.76,3.71,7.87,1.89,1.29,0.1,-0.25,5.14,1.71,0.06,0.92,2.27,3.53,4.48,3.04,5.1,-4.71,2.94,4.77,3.58,-1.09,-1.44,-2.68,-1.93,2.34,3.29,0.18,56.14,6.22,14.41,12.636969696969697,10.863939393939395,9.090909090909092
JPN,158.0,Japan,Inflation,Producer Price Inflation,3.39,-0.79,1.61,15.72,27.51,2.83,5.46,3.35,-0.49,5.0,14.94,1.37,0.44,-0.61,0.09,-0.79,-4.69,-3.12,-0.54,1.88,1.5,1.05,-0.91,-1.55,-1.64,-0.85,-1.66,0.66,-1.51,-1.47,0.05,-2.28,-2.08,-0.83,1.27,1.66,2.17,1.74,4.57,-5.25,-0.57,1.43,-0.86,1.24,3.21,-2.29,-3.5,2.34,2.51,4.12,3.0,4.75,8.51,6.279393939393939,4.048787878787879,1.8181818181818181
KOR,542.0,"Korea, Rep.",Inflation,Producer Price Inflation,9.18,8.6,13.95,6.97,42.1,26.49,12.12,9.03,11.7,18.7,38.99,20.4,4.67,0.17,0.73,0.9,-1.46,0.45,2.72,1.47,4.18,4.72,2.17,1.52,2.71,4.67,3.25,3.79,12.21,-2.08,2.07,-7.76,0.22,-1.23,7.66,6.04,6.14,2.29,8.08,-5.5,7.08,8.91,3.72,-0.5,-3.47,-4.94,-1.43,8.49,5.21,1.01,-0.46,6.38,9.01,6.612727272727273,4.215454545454546,1.8181818181818181
LUX,137.0,Luxembourg,Inflation,Producer Price Inflation,,,,,-35.94,-3.29,-0.9616666666666669,1.3666666666666663,,,,10.68,17.88,4.95,6.16,3.0,-1.58,-6.52,2.64,7.61,-2.02,-2.57,-2.69,-1.32,0.88,3.92,-3.11,1.48,2.43,-3.13,4.94,1.07,-1.03,0.94,10.19,6.19,6.34,5.92,6.13,-9.92,5.18,8.54,0.24,-3.47,-1.97,-0.83,-1.17,2.92,4.56,-1.87,-1.95,11.32,27.94,24.687272727272727,21.434545454545457,18.181818181818183
MEX,273.0,Mexico,Inflation,Producer Price Inflation,,,,,,,,,,,,,54.6,97.9,66.37,56.64,86.75,141.39,105.32,11.49,21.68,21.63,12.34,7.41,6.11,38.64,33.88,17.55,15.98,14.24,7.84,5.02,5.1,8.3,7.99,4.71,5.58,4.42,7.11,4.46,4.21,5.22,4.63,1.37,2.67,2.93,5.67,6.91,5.47,2.92,4.78,7.09,9.29,14.07212121212121,18.854242424242422,23.636363636363637
NLD,138.0,Netherlands,Inflation,Producer Price Inflation,6.98,5.54,4.82,6.19,8.95,6.01,6.92,5.51,1.46,2.56,7.38,8.48,4.32,0.73,3.98,3.18,-10.16,-2.57,1.04,4.74,-2.11,0.43,-1.24,-1.88,0.75,2.67,1.49,3.16,-2.56,0.37,12.28,0.78,-1.34,0.72,3.76,6.4,5.16,4.96,7.42,-11.56,8.96,10.9,0.42,-1.15,-1.64,-4.96,-2.48,4.82,2.98,0.93,1.59,12.52,26.3,18.13939393939394,9.978787878787877,1.8181818181818181
NOR,142.0,Norway,Inflation,Producer Price Inflation,,,,,,,,,4.04,7.18,13.35,10.52,8.51,6.49,6.92,4.83,-3.4,3.58,4.6,5.37,3.98,2.37,-0.44,-0.99,1.29,2.56,2.17,1.37,0.58,3.07,6.94,-2.92,-3.3,3.59,11.74,16.51,12.83,0.0,22.82,-0.77,18.37,16.28,2.74,0.65,-1.4,-8.1,-8.02,9.28,14.82,-3.57,-10.16,37.75,64.26,48.29454545454546,32.32909090909091,16.363636363636363
NZL,196.0,New Zealand,Inflation,Producer Price Inflation,5.95,8.07,6.82,12.77,8.09,13.22,22.25,16.4,11.46,17.78,22.88,16.89,15.02,5.5,7.04,15.42,5.75,7.92,5.23,7.07,4.68,0.81,2.06,2.45,1.35,0.84,0.57,0.41,0.64,1.0,7.65,5.98,0.13,-0.77,1.88,4.65,6.21,2.38,10.72,-1.54,2.72,4.7,0.98,1.54,0.07,-2.16,0.48,4.5,4.21,2.24,21.3,5.71,5.77,4.452727272727272,3.1354545454545453,1.8181818181818181
SGP,576.0,Singapore,Inflation,Producer Price Inflation,,,,,,-2.99,6.71,5.01,-1.66,18.69,23.41,2.89,-5.22,-3.83,-2.08,-3.72,-14.8,2.23,-1.85,2.23,3.93,-7.36,-6.71,-3.9,-3.43,0.79,-5.21,-8.14,-4.22,-0.47,6.59,-1.02,-6.91,-0.76,4.57,5.67,2.36,-1.56,3.43,-13.45,1.74,5.34,0.35,-3.07,-3.41,-9.16,-5.5,3.83,4.41,-3.32,-6.92,15.22,22.02,18.316363636363636,14.612727272727273,10.909090909090908
SWE,144.0,Sweden,Inflation,Producer Price Inflation,,,4.55,11.3,24.78,6.57,8.91,9.53,7.99,11.85,14.08,11.22,12.84,11.12,7.71,5.2,-2.77,2.78,5.32,7.72,4.54,1.37,-1.29,6.25,4.76,7.72,-1.76,1.17,-0.58,1.14,4.86,1.96,-0.07,0.0,0.7,3.99,5.08,3.69,4.36,1.14,1.06,0.38,-0.97,-2.8,1.43,0.01,-0.92,5.2,6.6,2.97,-0.25,10.69,22.15,16.584848484848482,11.019696969696968,5.454545454545454
THA,578.0,Thailand,Inflation,Producer Price Inflation,-0.46,0.25,7.84,22.92,28.86,3.71,3.94,7.8,7.46,11.21,20.11,9.52,0.9,2.06,-3.09,-0.02,-0.42,5.95,8.2,4.6,3.45,6.79,0.23,-0.42,3.98,6.12,1.83,5.06,12.19,-4.72,3.92,2.5,1.67,4.01,6.72,9.18,7.07,3.22,12.42,-3.8,9.41,5.45,1.02,0.31,0.14,-4.11,-1.18,0.7,0.38,-0.96,-1.6,4.72,10.9,7.872727272727273,4.845454545454546,1.8181818181818181
TWN,528.0,"Taiwan, China",Inflation,Producer Price Inflation,2.71,0.02,4.47,22.84,40.58,-5.07,2.77,2.77,3.53,13.83,21.54,7.63,-0.19,-1.17,0.47,-2.6,-3.34,-3.25,-1.57,-0.37,-0.6,0.16,-3.67,2.52,2.17,7.37,-1.0,-0.46,0.6,-4.55,1.82,-1.34,0.05,2.48,7.03,0.61,5.64,6.47,5.15,-8.73,5.46,4.32,-1.16,-2.43,-0.57,-8.85,-2.98,0.9,3.63,-2.26,-7.79,1.5750000000000002,10.94,8.505454545454546,6.070909090909091,3.6363636363636362
URY,298.0,Uruguay,Inflation,Producer Price Inflation,13.41,21.18,89.84,114.35,79.02,72.38,50.57,50.33,48.58,80.41,41.74,23.45,12.9,73.48,77.38,76.57,67.17,63.22,57.44,73.18,107.68,87.62,58.32,33.37,34.2,37.71,25.02,16.36,9.29,-0.88,6.84,6.58,31.93,38.92,14.69,-2.57,5.92,11.81,16.94,2.11,7.61,15.93,6.43,3.94,10.41,6.83,3.35,1.67,9.67,12.78,10.46,14.42,14.19,10.066060606060606,5.9421212121212115,1.8181818181818181
USA,111.0,United States,Inflation,Producer Price Inflation,3.61,3.33,4.41,13.14,18.81,9.25,4.65,6.13,7.77,12.54,14.13,9.13,2.01,1.26,2.38,-0.43,-2.89,2.64,4.02,4.96,3.56,0.22,0.59,1.46,1.3,3.58,2.34,-0.07,-2.48,0.84,5.78,1.11,-2.29,5.35,6.18,7.32,4.67,4.8,9.81,-8.84,4.48,3.87,1.86,1.36,1.58,-0.87,0.42,2.33,2.9,1.69,-2.12,8.95,7.91,5.879393939393939,3.8487878787878786,1.8181818181818181
ZAF,199.0,South Africa,Inflation,Producer Price Inflation,,5.0,6.35,12.44,18.58,16.42,13.14,14.16,9.68,13.12,15.4,13.21,12.7,10.11,8.57,15.5,18.85,14.39,13.94,15.49,11.79,11.33,7.6,6.51,8.79,10.49,8.45,8.14,4.43,4.92,6.66,2.92,0.22,-1.23,7.66,6.04,6.14,2.29,8.08,-5.5,7.08,8.91,4.47,6.0,7.4,3.61,7.08,4.88,5.45,4.62,2.49,7.12,14.36,10.785454545454545,7.210909090909091,3.6363636363636362
